Smiles,EC50 (nM),values
CC(=O)[C@H]1CC[C@H]2[C@@H]3CCC4=CC(=O)CC[C@]4(C)[C@H]3CC[C@]12C,2.9,1.0
Cc1nn(C)c(Oc2cccc(Cl)c2Cl)c1C(=O)N(Cc1cncs1)C(C)C,60.0,1.0
Cc1nn(C)c(Oc2cccc(Cl)c2Cl)c1C(=O)N1CCCCC1c1ccncc1,3140.0,0.0
C=C(C)[C@@H]1CC[C@]2(C(=O)O)CC[C@]3(C)[C@H](CC[C@@H]4[C@@]5(C)CC[C@H](O)C(C)(C)[C@@H]5CC[C@]43C)[C@@H]12,1900000.0,0.0
C[C@]12CC[C@@H]3c4ccc(O)cc4CC[C@H]3[C@@H]1CC[C@@H]2O,0.16,1.0
C[C@H](CCC(=O)O)[C@H]1CC[C@H]2[C@@H]3[C@H](O)C[C@@H]4C[C@H](O)CC[C@]4(C)[C@H]3CC[C@]12C,6310.0,0.0
C=C(C)[C@@H]1CC[C@]2(CO)CC[C@]3(C)[C@H](CC[C@@H]4[C@@]5(C)CC[C@H](O)C(C)(C)[C@@H]5CC[C@]43C)[C@@H]12,23000.0,0.0
COC(=O)CC[C@@H](C)[C@H]1CC[C@H]2[C@@H]3[C@H](O)C[C@@H]4C[C@H](O)CC[C@]4(C)[C@H]3CC[C@]12C,4390.0,0.0
CC[C@H]1C[C@@H]2CCCC[C@]2(C)[C@H]2CC[C@]3(C)[C@@H]([C@H](C)CCC(=O)O)CC[C@H]3[C@H]12,2630.0,0.0
CC1C[C@@H]2C[C@H](O)CC[C@]2(C)[C@H]2CC[C@]3(C)[C@@H]([C@H](C)CCC(=O)O)CC[C@H]3[C@H]12,16200.0,0.0
C[C@H](CCC(=O)NCC(=O)O)[C@H]1CC[C@H]2[C@@H]3[C@H](O)C[C@@H]4C[C@H](O)CC[C@]4(C)[C@H]3CC[C@]12C,3000.0,0.0
C[C@H]1[C@H](C)CC[C@]2(C(=O)O)CC[C@]3(C)C(=CC[C@@H]4[C@@]5(C)CC[C@H](O)C(C)(C)[C@@H]5CC[C@]43C)[C@H]12,13500.0,0.0
Cc1onc(-c2ccccc2Cl)c1C(=O)N(C)c1ccc(Cl)cc1,31.62,1.0
Cc1ccc(-c2noc(C)c2C(=O)N(C)c2ccc(Cl)cc2)cc1,1000.0,0.0
C[C@]12C=CC(=O)C=C1CC[C@@H]1[C@@H]2[C@@H](O)C[C@@]2(C)[C@H]1CC[C@]2(O)C(=O)CO,4.5,1.0
Cc1nn(C)c(Oc2cccc(Cl)c2Cl)c1C(=O)N(C)Cc1cccnc1,14.0,1.0
CCC(C)N(Cc1cccnc1)C(=O)c1c(C)nn(C)c1Oc1cccc(Cl)c1Cl,70.0,1.0
C[C@H](CCC(=O)O)[C@H]1CC[C@H]2[C@@H]3[C@H](O)C[C@@H]4C[C@H](O)CC[C@]4(C)[C@H]3C[C@H](O)[C@]12C,13600.0,0.0
Cc1ccccc1[C@H](C/C(=N\O)c1ccc(=O)n(C)c1)c1ccc(-c2ccc(C(=O)O)cc2)cc1,2000.0,0.0
CCn1c(=O)c2ccccc2n2c(SCc3ccc(C(F)(F)F)cc3)nnc12,1310.0,0.0
CC[C@H]1[C@@H](O)[C@@H]2[C@H](CC[C@]3(C)[C@@H]([C@H](C)CCO)CC[C@@H]23)[C@@]2(C)CC[C@@H](O)C[C@@H]12,2000.0,0.0
Cc1onc(-c2ccccc2Cl)c1C(=O)N(C)c1cc(Br)c(C)c(Br)c1,12.59,1.0
C[C@H]([C@H]1C[C@H]1C(=O)O)[C@H]1CC[C@H]2[C@@H]3[C@H](O)C[C@@H]4C[C@H](O)CC[C@]4(C)[C@H]3CC[C@]12C,75700.0,0.0
C[C@H]([C@@H]1C[C@@H]1C(=O)O)[C@H]1CC[C@H]2[C@@H]3[C@H](O)C[C@@H]4C[C@H](O)CC[C@]4(C)[C@H]3CC[C@]12C,1330.0,0.0
C[C@H](CCC(=O)O)[C@H]1CC[C@H]2[C@@H]3CC[C@@H]4C[C@H](O)CC[C@]4(C)[C@H]3CC[C@]12C,20000.0,0.0
CC(=O)O[C@@H]1CC[C@@]2(C)[C@H](CC[C@@H]3[C@@H]2CC[C@]2(C)[C@@H]([C@H](C)CCC(=O)O)CC[C@@H]32)C1,1490.0,0.0
Cc1coc2cc(Cl)c(Oc3ccncc3C(=O)N3CCN(C4CC4)c4ccccc43)cc12,0.28,1.0
CCOC(=O)c1oc2cc(Cl)c(Oc3ccncc3C(=O)N3CCN(C4CC4)c4ccccc43)cc2c1C,38.0,1.0
O=C(c1cnccc1Oc1ccc2sccc2c1)N1CCN(C2CC2)c2ccccc21,52.0,1.0
C[C@]12CC[C@H](O)C[C@@H]1CC[C@@H]1[C@@H]2CC[C@]2(C)C(=O)CC[C@@H]12,5650.0,0.0
C[C@H](CCC(=O)O)[C@H]1CC[C@H]2[C@@H]3[C@H](O)C[C@@H]4CCCC[C@]4(C)[C@H]3CC[C@]12C,1300.0,0.0
O=C(O)c1cc(F)c2nc(N3C4CCC3CC(F)(COCc3c(-c5ccccc5OC(F)(F)F)noc3C3CC3)C4)sc2c1,2520.0,0.0
C[C@]12CC[C@@H](O)C[C@@H]1CC[C@@H]1[C@@H]2CC[C@]2(C)[C@@H](O)CC[C@@H]12,7010.0,0.0
C[C@]12CCC(=O)C[C@@H]1CC[C@@H]1[C@@H]2CC[C@]2(C)[C@@H](O)CC[C@@H]12,6.0,1.0
O=C(O)CNC(=O)CCc1cc(Cl)c(Oc2ccncc2C(=O)N2CCN(C3CC3)c3ccccc32)cc1Cl,8000.0,0.0
CSc1ncc(C(=O)N2CCNc3ccccc32)c(Oc2cc(Cl)ccc2Cl)n1,41.0,1.0
Cc1ccc(CCNC(=O)[C@@H]2CCCN(c3ncccn3)C2)cc1,4300.0,0.0
Cc1nc(N2CCC[C@@H](C(=O)NCCc3ccc(C#N)cc3)C2)ncc1F,13.0,1.0
C[C@H](CC#N)[C@H]1CC[C@H]2[C@@H]3C[C@](O)(Cc4ccccc4)[C@@H]4C[C@H](O)CC[C@]4(C)[C@H]3CC[C@]12C,9330.0,0.0
CCC(CC)n1c(-c2ccc(OCc3c(-c4c(Cl)cccc4Cl)noc3C(C)C)cc2)nc2ccc(C(=O)O)cc21,0.8,1.0
CCOC(=O)Cc1coc2cc(Cl)c(Oc3ccncc3C(=O)N3CCN(C4CC4)c4ccccc43)cc12,5.2,1.0
CCOC(=O)CNC(=O)CCc1oc2ccc(Cl)c(Oc3ccncc3C(=O)N3CCN(C4CC4)c4ccccc43)c2c1C,30.0,1.0
CC(=O)c1cccc(Oc2ccncc2C(=O)N2CCN(C3CC3)c3ccccc32)c1,5.5,1.0
CC(C)(c1ccc(Cl)c(Cl)c1)c1cnc(SCCOCc2ccc(C#N)cc2)n1-c1ccc(F)cc1,67.5,1.0
C[C@H](C[C@@H](C)[C@H]1CC[C@H]2[C@@H]3[C@H](O)CC4C[C@H](O)CC[C@]4(C)[C@H]3CC[C@]12C)C(=O)O,10500.0,0.0
O=C(O)c1ccc(COc2cc(Cl)c(CN3CSC[C@H]3C(=O)N3CCN(C4CC4)c4ccccc43)cc2Cl)cc1,31.62,1.0
CO[C@@H]1CC[C@@]2(C)[C@@H](C1)C[C@@H](O)[C@@H]1[C@@H]2CC[C@]2(C)[C@@H]([C@H](C)CCc3nn[nH]n3)CC[C@@H]12,3070.0,0.0
C[C@H](CCC(=O)NCCS(=O)(=O)O)[C@H]1CC[C@H]2[C@@H]3[C@H](O)C[C@@H]4C[C@H](O)CC[C@]4(C)[C@H]3CC[C@]12C,3000.0,0.0
C=C(C)[C@@H]1CC[C@]2(C(=O)O)CC[C@]3(C)[C@H](CC[C@@H]4[C@@]5(C)CC/C(=N\O)C(C)(C)[C@@H]5CC[C@]43C)[C@@H]12,1750.0,0.0
C=CCCC(=O)O/N=C1\CC[C@]2(C)[C@H]3CC[C@@H]4[C@H]5[C@H](C(=C)C)CC[C@]5(C(=O)O)CC[C@@]4(C)[C@]3(C)CC[C@H]2C1(C)C,7880.0,0.0
C=C(C)[C@@H]1CC[C@]2(C(=O)O)CC[C@@]3(C)[C@]4(C)CC[C@H]5C(C)(C)/C(=N/OC(=O)C(C)C)CC[C@]5(C)[C@H]4CC[C@]3(C)[C@@H]12,3650.0,0.0
O=C(c1cnccc1Oc1ccccc1Cl)N1CCN(C2CC2)c2ccccc21,27.0,1.0
O=C(c1cnccc1Oc1cc(Cl)ccc1Cl)N1CCN(C2CC2)c2ccccc21,18.0,1.0
O=C(c1cccnc1Oc1cc(Cl)ccc1Cl)N1CCCc2ccccc21,10.0,1.0
CCN1CCN(C(=O)c2cnccc2Oc2cc(Cl)ccc2Cl)c2ccccc21,3.1,1.0
Cc1cc(C)c(Oc2ccncc2C(=O)N2CCN(C3CC3)c3ccccc32)cc1C,0.6,1.0
O=C([C@@H]1CCCN1Cc1cc(Cl)ccc1Cl)N1CCCc2ccccc21,2511.89,0.0
O=C([C@@H]1CCCCN1Cc1cc(Cl)ccc1Cl)N1CCN(C2CC2)c2ccccc21,1584.89,0.0
C[C@@]1(C(=O)N2CCN(C3CC3)c3ccccc32)CCCN1Cc1cc(Cl)ccc1Cl,1000.0,0.0
O=C(NCCCCc1cc(Cl)c(CN2CSC[C@H]2C(=O)N2CCN(C3CC3)c3ccccc32)cc1Cl)NC[C@H](O)[C@@H](O)[C@H](O)[C@H](O)CO,31.62,1.0
CC1(C)CC[C@]2(C(=O)O)CC[C@]3(C)C(=CC[C@@H]4[C@@]5(C)CC[C@H](O)C(C)(C)[C@@H]5CC[C@]43C)[C@@H]2C1,14000.0,0.0
C=C[C@]1(O)C[C@@H]2[C@H](CC[C@]3(C)[C@@H]([C@H](C)CC#N)CC[C@@H]23)[C@@]2(C)CC[C@@H](O)C[C@H]21,2260.0,0.0
COC(=O)CCc1nc(SCc2c(F)cccc2F)n(-c2ccc(F)cc2)c1N(C)c1ccc(OC)c(OC)c1,1113.0,0.0
COc1ccc(N(C)c2cnc(SCc3c(F)cccc3F)n2-c2ccc(F)cc2)cc1,1106.0,0.0
COc1ccc(N(C)c2cnc(SCc3ccccc3F)n2-c2ccc(F)cc2)cc1OC,12.0,1.0
C[C@H](CC(=O)O)[C@H]1CC[C@H]2[C@@H]3[C@@H](O)C[C@@H]4C[C@H](O)CC[C@]4(C)[C@H]3CC[C@]12C,47200.0,0.0
C[C@H](CCC(=O)O)[C@H]1CC[C@H]2[C@@H]3[C@@H](C)C[C@@H]4CCCC[C@]4(C)[C@H]3CC[C@]12C,6180.0,0.0
CC(C)(C)c1ccc(C(=O)NCc2ccc(NS(C)(=O)=O)cc2Cl)cc1,20.4,1.0
CCNc1nc2c(c(C(N)=O)n1)CN(C(=O)CCc1ccc(C(C)(F)F)nc1)CC2,3200.0,0.0
C=C(C)[C@@H]1CC[C@]2(C(N)=O)CC[C@]3(C)[C@H](CC[C@@H]4[C@@]5(C)CC[C@H](O)C(C)(C)[C@@H]5CC[C@]43C)[C@@H]12,9900.0,0.0
N#Cc1ccc(CCNC(=O)[C@@H]2CCN2c2cc(-c3ccc([C@H]4CC[C@H](C(=O)O)CC4)cc3)nc(C(F)(F)F)n2)cc1,1.0,1.0
O=C(CCc1cc(Cl)c(Oc2ccncc2C(=O)N2CCN(C3CC3)c3ccccc32)cc1Cl)NCCOCCOCCOCCNC(=O)CCc1cc(Cl)c(Oc2ccncc2C(=O)N2CCN(C3CC3)c3ccccc32)cc1Cl,14000.0,0.0
O=C(O)C/C=C/c1cc(Cl)c(Oc2ccncc2C(=O)N2CCN(C3CC3)c3ccccc32)cc1Cl,405000.0,0.0
CCOC(=O)CCNC(=O)CCc1cc(Cl)c(Oc2ccncc2C(=O)N2CCN(C3CC3)c3ccccc32)cc1Cl,12000.0,0.0
O=C(O)CCc1cc(Cl)c(Oc2ccncc2C(=O)N2CCN(C3CC3)c3ccccc32)cc1Cl,35000.0,0.0
Cc1ccc(N(C)C(=O)c2c(-c3ccccc3Cl)noc2C)cc1Cl,31622.78,0.0
Cc1ccccc1[C@H](C/C(=N\O)c1ccc(=O)n(C)c1)c1ccc(S(C)(=O)=O)cc1,26.0,1.0
C[C@H](C[C@H](C)C(=O)O)[C@H]1CC[C@H]2[C@@H]3[C@@H](O)C[C@@H]4C[C@H](O)CC[C@]4(C)[C@H]3CC[C@]12C,1050.0,0.0
N#Cc1ccc(CCNC(=O)[C@@H]2CCCN(c3cc(N4CCN(C5COC5)CC4)nc(C(F)(F)F)n3)C2)cc1,1.0,1.0
CN1CCN(c2cc(N3CC[C@H]3C(=O)NCCc3ccc(C#N)cc3)nc(C(F)(F)F)n2)CC1,4.0,1.0
N#Cc1ccc(CCNC(=O)[C@@H]2CCN2c2cc(N3CCC(Oc4ccc(C(=O)O)cc4)CC3)nc(C(F)(F)F)n2)cc1,18.0,1.0
CC1(C(=O)O)CCN(c2cc(N3CCC[C@@H](C(=O)NCCc4ccc(C#N)cc4)C3)nc(C(F)(F)F)n2)CC1,4.0,1.0
CCOC(=O)CNC(=O)c1coc2cc(Cl)c(C(=O)Oc3ccncc3C(=O)N3CCN(C4CC4)c4ccccc43)cc12,1405.0,0.0
C[C@H](C[C@H](C)C(=O)O)[C@H]1CC[C@H]2[C@@H]3C(=O)C[C@@H]4CC(=O)CC[C@]4(C)[C@H]3CC[C@]12C,9130.0,0.0
Cc1ccccc1[C@@H](C/C(=N\O)c1ccc(=O)n(C)c1)c1ccc(S(C)(=O)=O)cc1,3000.0,0.0
Cc1ccccc1C(C/C(=N\O)c1ccc(=O)n(C)c1)c1ccc(Br)cc1,1420.0,0.0
Cc1onc(-c2ccccc2Cl)c1C(=O)N(C)c1ccccc1F,2511.89,0.0
Cc1cccc(N(C)C(=O)c2c(-c3ccccc3Cl)noc2C)c1,1258.93,0.0
CC(=O)c1ccc(N(C)C(=O)c2c(-c3ccccc3Cl)noc2C)cc1,12589.25,0.0
Cc1ccccc1-c1noc(C)c1C(=O)N(C)c1ccc(Cl)cc1,12.59,1.0
Cc1onc(-c2ccccc2Cl)c1C(=O)Nc1ccc(Cl)cc1,3162.28,0.0
Cc1coc2ccc(Oc3ccncc3C(=O)N3CCN(C4CC4)c4ccccc43)cc12,2.4,1.0
COc1cc(C2(CO)CCCc3nc(SCc4c(F)cccc4Cl)n(-c4ccc(F)cc4)c32)ccc1Cl,12500.0,0.0
Cc1noc2ccc(Oc3ccncc3C(=O)N3CCN(C4CC4)c4ccccc43)cc12,5.5,1.0
O=C(c1cnccc1Oc1cccc2ncccc12)N1CCN(C2CC2)c2ccccc21,40.0,1.0
Cc1c(C(=O)O)oc2cc(Cl)c(Oc3ccncc3C(=O)N3CCN(C4CC4)c4ccccc43)cc12,63.0,1.0
COc1cccc(N(C)C(=O)c2c(-c3ccccc3Cl)noc2C)c1,1258.93,0.0
Cc1onc(-c2ccccc2Cl)c1C(=O)N(c1ccc(Cl)cc1)C1CC1,3162.28,0.0
CCNc1nc2c(c(C(N)=O)n1)CN(C(=O)CCc1ccc(C(C)C)cc1)CC2,5620.0,0.0
CCc1nnn(-c2ccccc2)c1C(=O)N(C)c1ccc(Cl)cc1,1420.0,0.0
CCNc1nc2c(c(C(N)=O)n1)CN(C(=O)CCc1ccc(SC(F)(F)F)cc1)CC2,48.0,1.0
COc1ccc(C(C)(C)c2cnc(SCCOc3ccc(-n4ccnc4C)cc3)n2-c2ccc(F)cc2)cc1OC,1.48,1.0
CCOC(=O)CN(C)C(=O)CCc1cc(Cl)c(Oc2ccncc2C(=O)N2CCN(C3CC3)c3ccccc32)cc1Cl,5000.0,0.0
C[C@H](CCC(=O)[O-])[C@H]1[C@H](O)C[C@H]2[C@@H]3[C@H](O)C[C@@H]4C[C@H](O)CC[C@]4(C)[C@H]3CC[C@]12C.[Na+],160000.0,0.0
CN(C[C@H](O)[C@@H](O)[C@H](O)[C@H](O)CO)C(=O)NCCCCc1cc(Cl)c(CN2CSC[C@H]2C(=O)N2CCN(C3CC3)c3ccccc32)cc1Cl,3.981,1.0
O=C([C@@H]1CCCN1Cc1cc(Cl)ccc1Cl)N1CCSc2ccccc21,3981.07,0.0
O=C([C@@H]1CSCN1Cc1cc(Cl)ccc1Cl)N1CCN(C2CC2)c2ccccc21,25.12,1.0
O=C([C@H]1CCCCN1Cc1cc(Cl)ccc1Cl)N1CCN(C2CC2)c2ccccc21,1995.26,0.0
O=C([C@@H]1CSCN1Cc1cc(Cl)c(CO)cc1Cl)N1CCN(C2CC2)c2ccccc21,25.12,1.0
O=C(NCCCCCc1cc(Cl)c(CN2CSC[C@H]2C(=O)N2CCN(C3CC3)c3ccccc32)cc1Cl)NC(CO)(CO)CO,31.62,1.0
Fc1ccc(-n2c(SCc3c(F)cccc3Cl)nc3c2C(c2ccc4c(c2)OCCO4)CCC3)cc1,2930.0,0.0
COc1ccc(C2CCCc3nc(SCc4c(F)cccc4Cl)n(-c4ccc(F)cc4)c32)cc1Cl,1510.0,0.0
COc1cc(C2CCCc3nc(SCc4c(F)cccc4OC)n(-c4ccc(F)cc4)c32)ccc1Cl,4810.0,0.0
Cn1c(C(=O)NC[C@H](O)[C@@H](O)[C@H](O)[C@H](O)CO)cnc1SCc1cc(Cl)c(CN2CSC[C@H]2C(=O)N2CCN(C3CC3)c3ccccc32)cc1Cl,1.995,1.0
O=C(NCCCCc1cc(Cl)c(CN2CSC[C@H]2C(=O)N2CCN(C3CC3)c3ccccc32)cc1Cl)NC(CO)(CO)CO,10.0,1.0
O=C(CCCCc1cc(Cl)c(CN2CSC[C@H]2C(=O)N2CCN(C3CC3)c3ccccc32)cc1Cl)NC[C@H](O)[C@@H](O)[C@H](O)[C@H](O)CO,3.162,1.0
CN(C(=O)[C@@H]1CCCN1Cc1cc(Cl)ccc1Cl)c1ccccc1OC1CCC1,1000.0,0.0
N#Cc1ccc(CCNC(=O)[C@@H]2CCCN(c3cc(N4CCC(C(=O)O)CC4)nc(C(F)(F)F)n3)C2)cc1,10.0,1.0
CN1CCN(c2cc(N3CCCC[C@H]3C(=O)NCCc3ccc(C#N)cc3)nc(C(F)(F)F)n2)CC1,20.0,1.0
CN1CCN(c2cc(C(F)(F)F)nc(N3CCC[C@@H](C(=O)NCCc4ccc(C#N)cc4)C3)n2)CC1,2.0,1.0
O=C(c1ccco1)N(Cc1cnccc1-c1ccccc1F)S(=O)(=O)c1cc(C(F)(F)F)cc(C(F)(F)F)c1,32.0,1.0
COc1ccc(-n2c(SCc3c(F)cccc3Cl)nc3c2C(c2ccc(Cl)c(OC)c2)CCC3)cc1,38160.0,0.0
COc1ccc(SCc2cnc(SCc3c(F)cc(S(=O)(=O)/N=C/N(C)C)cc3F)n2-c2ccc(F)cc2)cc1OC,16630.0,0.0
CN1CCN(C(=O)c2cccnc2Oc2cc(Cl)ccc2Cl)c2ccccc21,6.1,1.0
O=C(CCc1cc(Cl)c(CN2CSC[C@H]2C(=O)N2CCN(C3CC3)c3ccccc32)cc1Cl)NC[C@H](O)[C@@H](O)[C@H](O)[C@H](O)CO,6.31,1.0
COc1ccc(SCc2cnc(SCc3c(F)cc(C(=O)NCC[N+](C)(C)C)cc3F)n2-c2ccc(F)cc2)cc1OC.[Cl-],2300.0,0.0
Cc1nn(C)c(Oc2cccc(Cl)c2Cl)c1C(=O)N1CCCCC1c1ccccn1,9530.0,0.0
Cc1nn(C)c(Oc2ccccc2C#N)c1C(=O)N1CCCCC1c1cccnc1,2910.0,0.0
CC(C)c1onc(-c2c(Cl)cccc2Cl)c1COc1ccc(CO)cc1,2930.0,0.0
COC(=O)c1ccc(OCc2c(-c3c(Cl)cccc3Cl)noc2C(C)C)cc1,3590.0,0.0
O=C(O)CCCCc1cc(Cl)c(CN2CSC[C@H]2C(=O)N2CCN(C3CC3)c3ccccc32)cc1Cl,50.12,1.0
CN(C(=O)[C@@H]1CCCN1Cc1cc(Cl)ccc1Cl)c1ccccc1OC1CC1,1000.0,0.0
O=C([C@@H]1C[C@H](F)CN1Cc1cc(Cl)ccc1Cl)N1CCN(C2CC2)c2ccccc21,50.12,1.0
O=C([C@@H]1C[C@@H](F)CN1Cc1cc(Cl)ccc1Cl)N1CCN(C2CC2)c2ccccc21,63.1,1.0
O=C([C@@H]1CSCN1Cc1cc(Cl)ccc1C(F)(F)F)N1CCN(C2CC2)c2ccccc21,39.81,1.0
CN(C[C@H](O)[C@@H](O)[C@@H](O)[C@H](O)CO)C(=O)CCc1cc(Cl)c(CN2CSC[C@H]2C(=O)N2CCN(C3CC3)c3ccccc32)cc1Cl,63.1,1.0
COc1cc(C2CCN(c3cc(N4CC[C@H]4C(=O)NCCc4ccc(C#N)cc4)nc(C(F)(F)F)n3)CC2)ccc1C(=O)O,0.5,1.0
Cc1ccccc1C(C/C(=N\O)c1ccncc1)c1ccc(N(C)C)cc1,1040.0,0.0
Cc1cccc(C(C/C(=N\O)c2ccncc2)c2ccc(N(C)C)cc2)c1,1500.0,0.0
C=C(C)[C@@H]1CC[C@]2(C)CC[C@]3(C)[C@H](CC[C@@H]4[C@@]5(C)CCC(=O)C(C)(C)[C@@H]5CC[C@]43C)[C@@H]12,77000.0,0.0
O=C(c1cncn1Cc1ccccc1Cl)N1CCN(C2CC2)c2ccccc21,3690.0,0.0
C=CCN1CCN(C(=O)c2cnccc2Oc2cc(Cl)ccc2Cl)c2ccccc21,6.2,1.0
O=C(c1cnccc1Oc1cc(Cl)ccc1Cl)N1CCN(C2CCC2)c2ccccc21,2.8,1.0
CCOC(=O)c1coc2ccc(Oc3ccncc3C(=O)N3CCN(C4CC4)c4ccccc43)cc12,44.0,1.0
C[C@H](CCC(=O)O)[C@H]1CC[C@H]2[C@@H]3C(=O)C[C@@H]4CC(=O)CC[C@]4(C)[C@H]3CC[C@]12C,10930.0,0.0
COc1ccc(C2(C)CCCc3nc(SCc4c(F)cc(C(=O)O)cc4F)n(-c4ccc(F)cc4)c32)cc1OC,3500.0,0.0
CC[C@@H]1[C@H](O)[C@@H]2[C@H](CC[C@]3(C)[C@@H]([C@H](C)CCCO)CC[C@@H]23)[C@@]2(C)CC[C@@H](O)C[C@@H]12,1030.0,0.0
O=C(CCc1cc(Cl)c(Oc2ccncc2C(=O)N2CCN(C3CC3)c3ccccc32)cc1Cl)NCCOCCOCCOCCOCCOCCOCCNC(=O)CCc1cc(Cl)c(Oc2ccncc2C(=O)N2CCN(C3CC3)c3ccccc32)cc1Cl,20000.0,0.0
COc1ccc(C(C)(C)c2cnc(SCCOCc3c(F)cccc3Cl)n2-c2ccc(F)cc2)cc1OC,1.6,1.0
C=C(C)[C@@H]1CC[C@]2(C(=O)O)CC[C@]3(C)[C@H](CC[C@@H]4[C@@]5(C)CC[C@H](OC(=O)CCC(=O)O)C(C)(C)[C@@H]5CC[C@]43C)[C@@H]12,4000.0,0.0
CCOCOC(=O)c1coc2ccc(Oc3ccncc3C(=O)N3CCN(C4CC4)c4ccccc43)cc12,16.4,1.0
COC(=O)c1coc2ccc(Oc3ccncc3C(=O)N3CCN(C4CC4)c4ccccc43)cc12,0.9,1.0
Cc1nn(C)c(Oc2ccccc2Cl)c1C(=O)N1CCCCC1c1cccnc1,15.0,1.0
Cc1nn(C)c(Oc2ccccc2C(F)(F)F)c1C(=O)N1CCCCC1c1cccnc1,15.0,1.0
COc1cccc(-c2noc(C)c2C(=O)N(C)c2ccc(Cl)cc2)c1,1.0,1.0
CCc1onc(-c2ccccc2)c1C(=O)N(C)c1ccc(Cl)cc1,63.1,1.0
Fc1ccc(-n2c(SCc3c(F)cccc3Cl)nc3c2C(c2ccc4c(c2)OCO4)CCC3)cc1,26000.0,0.0
COc1ccc(C(C)(C)c2cnc(SCCOc3ccc(-n4cccn4)cc3)n2-c2ccc(F)cc2)cc1OC,19.6,1.0
C[C@]12CC[C@H]3[C@@H](CCC4=CC(=O)CC[C@@]43C)[C@@H]1CC[C@@H]2O,1.995,1.0
C[C@]12CC[C@H](OS(=O)(=O)O)CC1=CC[C@@H]1[C@@H]2CC[C@]2(C)C(=O)CC[C@@H]12,127000.0,0.0
C[C@H](CCC(=O)O)[C@H]1CC[C@H]2[C@@H]3[C@H](O)C[C@@H]4CC(=O)CC[C@]4(C)[C@H]3CC[C@]12C,3980.0,0.0
C[C@H](CCC(=O)O)[C@H]1CC[C@H]2[C@@H]3CC[C@@H]4C[C@H](O)CC[C@@]4(C)[C@H]3C[C@H](O)[C@]12C,4390.0,0.0
O=C(c1cnccc1Oc1ccc2occc2c1)N1CCN(C2CC2)c2ccccc21,10.7,1.0
CC[C@H]1[C@@H](O)[C@@H]2[C@H](C[C@H](O)[C@]3(C)[C@@H]([C@H](C)C[C@H](C)C(=O)O)CC[C@@H]23)[C@@]2(C)CC[C@@H](O)C[C@@H]12,4960.0,0.0
COc1ccc(C2(C)CCCc3nc(SCc4c(F)cccc4F)n(-c4ccc(F)cc4)c32)cc1OC,25.0,1.0
C[C@H](CCC(=O)O)[C@H]1CC[C@H]2[C@@H]3[C@@H](O)C[C@@H]4C[C@H](O)CC[C@]4(C)[C@H]3CC[C@]12C,298700.0,0.0
CC[C@H]1[C@@H](O)[C@@H]2[C@H](CC[C@]3(C)[C@@H]([C@H](C)CCC(=O)[O-])[C@H](O)C[C@@H]23)[C@@]2(C)CC[C@@H](O)C[C@@H]12.[Na+],87000.0,0.0
COc1ccc(C(C)(C)c2cnc(SCCOc3ccc(-n4ccnc4)cc3F)n2-c2ccc(F)cc2)cc1OC,5.8,1.0
CCOC(=O)c1coc2cc(Cl)c(Oc3ccncc3C(=O)N3CCN(C4CC4)c4ccccc43)cc12,1.7,1.0
Cc1c(/C=C/C(=O)O)oc2ccc(Cl)c(Oc3ccncc3C(=O)N3CCN(C4CC4)c4ccccc43)c12,18.0,1.0
CC[C@H]1[C@@H](O)[C@@H]2[C@H](C[C@H](O)[C@]3(C)[C@@H]([C@H](C)CCC(=O)O)CC[C@@H]23)[C@@]2(C)CC[C@@H](O)C[C@@H]12,7000.0,0.0
CCC[C@]1(O)C[C@H]2[C@@H]3CC[C@H]([C@H](C)CC#N)[C@@]3(C)CC[C@@H]2[C@@]2(C)CC[C@@H](O)C[C@@H]12,1200.0,0.0
O=C([C@H]1CCCN1Cc1cc(Cl)ccc1Cl)N1CCN(C2CC2)c2ccccc21,1258.93,0.0
CC(C)c1onc(-c2c(Cl)cccc2Cl)c1COc1ccccc1,1590.0,0.0
COC(=O)c1cccc(-c2ccc(OCc3c(-c4c(Cl)cccc4Cl)noc3C(C)C)cc2)c1,2800.0,0.0
COc1ccc(OCc2cnc(SCc3c(F)cccc3Cl)n2-c2ccc(F)cc2)cc1OC,17800.0,0.0
Cc1nn(C)c(Oc2ccc(Cl)cc2Cl)c1C(=O)N1CCCCC1c1cccnc1,12.0,1.0
O=C(NCCCCOc1cc(Cl)c(CN2CSC[C@H]2C(=O)N2CCN(C3CC3)c3ccccc32)cc1Cl)NC[C@H](O)[C@@H](O)[C@H](O)[C@H](O)CO,12.59,1.0
O=C(OCC(F)(F)F)c1coc2ccc(Oc3ccncc3C(=O)N3CCN(C4CC4)c4ccccc43)cc12,23.3,1.0
Cc1oc(=O)oc1COC(=O)c1coc2ccc(Oc3ccncc3C(=O)N3CCN(C4CC4)c4ccccc43)cc12,5953.0,0.0
CN(C)c1ccccc1N(C)C(=O)c1cncnc1Oc1cc(Cl)ccc1Cl,3711.0,0.0
O=C(c1cncnc1Oc1cc(Cl)ccc1Cl)N1CCN(C2CC2)c2ccccc21,30.0,1.0
O=C(c1cncnc1Oc1cc(Cl)ccc1Cl)N1CCN(C2CCC2)c2ccccc21,23.0,1.0
Cc1ccc(C)c(Oc2ccncc2C(=O)N2CCN(C3CC3)c3ccccc32)c1,6.2,1.0
O=C(c1cnccc1Oc1cc(Cl)c(Cl)cc1Cl)N1CCN(C2CC2)c2ccccc21,2.0,1.0
C[C@H](CCC(=O)N[C@H](CC(=O)O)Cc1c[nH]c2ccccc12)[C@H]1CC[C@H]2[C@@H]3CC[C@@H]4C[C@H](O)CC[C@]4(C)[C@H]3CC[C@]12C,4000.0,0.0
CCN1CCN(C(=O)c2cncnc2Oc2cc(Cl)ccc2Cl)c2ccccc21,20.0,1.0
COc1ccc(OC)c(Oc2ccncc2C(=O)N2CCN(C3CC3)c3ccccc32)c1,12.0,1.0
O=C(c1cnccc1Oc1cccc(Cl)c1)N1CCN(C2CC2)c2ccccc21,7.9,1.0
CCCN1CCN(C(=O)c2cnccc2Oc2cc(Cl)ccc2Cl)c2ccccc21,7.1,1.0
CO[C@@H]1C[C@@H]2C[C@H](O)CC[C@]2(C)[C@H]2CC[C@]3(C)[C@@H]([C@H](C)CCC(=O)N4CCCC4)CC[C@H]3[C@H]12,10.5,1.0
CCCCNC(=O)CC[C@@H](C)[C@H]1CC[C@H]2[C@@H]3[C@H](O)C[C@@H]4C[C@H](O)CC[C@]4(C)[C@H]3CC[C@]12C,5380.0,0.0
C=CCN(c1ccc(OC)c(OC)c1)c1cnc(SCc2c(F)cccc2F)n1-c1ccc(F)cc1,7.7,1.0
COc1ccc(N(C)c2cnc(SCc3c(F)cc(OCCCS(=O)(=O)O)cc3F)n2-c2ccc(F)cc2)cc1OC.N,24.0,1.0
COc1cc(-n2c(N(C)c3ccc(OC)c(OC)c3)cnc2SCc2c(F)cccc2F)ccc1F,20.0,1.0
COc1ccc(N(C)c2cnc(SCc3c(F)cccc3F)n2-c2ccc(F)cc2)cc1OC,0.8,1.0
C[C@@H](O)[C@@H]1CC[C@]2(C(=O)O)CC[C@]3(C)[C@H](CC[C@@H]4[C@@]5(C)CC[C@@H](OC(=O)NC6CC6)C(C)(C)[C@@H]5CC[C@]43C)[C@@H]12,37.99,1.0
COc1ccc(C(C)(C)c2cnc(SCCOc3ccc(-n4cncn4)cc3)n2-c2ccc(F)cc2)cc1OC,16.8,1.0
CC[C@H]1[C@@H](O)[C@@H]2[C@H](CC[C@]3(C)[C@@H]([C@H](C)CCCOS(=O)(=O)[O-])CC[C@@H]23)[C@@]2(C)CC[C@@H](O)C[C@@H]12.[Na+],1000.0,0.0
Cc1cc(/C(C[C@H](c2ccc(N3CCC(C(=O)O)CC3)cc2)c2ccccc2C)=N/O)ccn1,4.0,1.0
C[C@H](CCC(=O)NCCS(=O)(=O)O)[C@H]1CC[C@H]2[C@@H]3[C@@H](O)C[C@@H]4C[C@H](O)CC[C@]4(C)[C@H]3CC[C@]12C,50500.0,0.0
CN(C(=O)c1conc1-c1ccccc1Cl)c1ccc(Cl)cc1,1258.93,0.0
C[C@H](CCC(=O)[O-])[C@H]1[C@@H](O)C[C@H]2[C@@H]3[C@H](O)C[C@@H]4C[C@H](O)CC[C@]4(C)[C@H]3CC[C@]12C.[Na+],55000.0,0.0
Cc1nn(C)c(Oc2cccc(Cl)c2Cl)c1C(=O)N(Cc1cccnc1)C(C)C,0.3,1.0
CCc1ccc(N(C)C(=O)c2c(-c3ccccc3Cl)noc2C)cc1,1000.0,0.0
CCCc1ccc(N(C)C(=O)c2c(-c3ccccc3Cl)noc2C)cc1,6309.57,0.0
COc1ccc(-c2noc(C)c2C(=O)N(C)c2ccc(Cl)cc2)cc1,5011.87,0.0
CCc1onc(-c2ccccc2Cl)c1C(=O)N(C)c1ccc(Cl)cc1,3.981,1.0
CC[C@H]1[C@@H](O)[C@@H]2[C@H](CC[C@]3(C)[C@@H]([C@H](C)CCNC(=O)NC4CC4)CC[C@@H]23)[C@@]2(C)CC[C@@H](O)C[C@@H]12,70.0,1.0
CC[C@H]1[C@@H](O)[C@@H]2[C@H](CC[C@]3(C)[C@@H]([C@H](C)CCNC(=O)C(=O)O)CC[C@@H]23)[C@@]2(C)CC[C@@H](O)C[C@@H]12,20.0,1.0
C[C@H](CCC(=O)O)[C@H]1CC[C@H]2[C@@H]3CC[C@@H]4CCCC[C@]4(C)[C@H]3CC[C@]12C,6080.0,0.0
Cn1cc(C(=O)O)c2ccc(N3CCC(F)(COCc4c(-c5c(Cl)cccc5Cl)noc4C4CC4)CC3)cc21,5.8,1.0
C[C@H](CC(=O)N1CCCC1)[C@H]1CC[C@H]2[C@@H]3[C@H](O)C[C@@H]4C[C@H](O)CC[C@]4(C)[C@H]3CC[C@]12C,2770.0,0.0
C=CC[C@@]1(O)CC[C@]2(C)[C@H]3CC[C@@H]4[C@H]5[C@H](C(=C)C)CC[C@]5(C(=O)O)CC[C@@]4(C)[C@]3(C)CC[C@H]2C1(C)C,2080.0,0.0
CC(CO)[C@@H]1CC[C@]2(C(=O)O)CC[C@]3(C)[C@H](CC[C@@H]4[C@@]5(C)CC[C@H](O)C(C)(C)[C@@H]5CC[C@]43C)[C@@H]12,3320.0,0.0
Cc1onc(-c2ccccc2Cl)c1C(=O)N(C)c1ccc(Br)cc1,15.85,1.0
Cc1onc(-c2ccccc2Cl)c1C(=O)N(C)c1ccc(Cl)cc1Cl,2511.89,0.0
Cc1onc(-c2ccccc2Cl)c1C(=O)N(C)c1ccc(C(C)C)cc1,1258.93,0.0
Cc1onc(-c2ccccc2Cl)c1C(=O)N(C)c1ccc(C(F)(F)F)cc1,19.95,1.0
CCN(C(=O)c1c(-c2ccccc2Cl)noc1C)c1ccc(Cl)cc1,31.62,1.0
O=C(NCCc1ccc(Cl)cc1)[C@@H]1CCCN(c2ccncn2)C1,13700.0,0.0
CN1CCN(c2cc(N3CCC[C@@H](C(=O)NCCc4ccc(C#N)nc4)C3)nc(C(F)(F)F)n2)CC1,6.0,1.0
CN1CCN(C(=O)c2cnc(O)nc2Nc2cc(Cl)ccc2Cl)c2ccccc21,20.0,1.0
CC(CCC(=O)O)[C@H]1CC[C@H]2[C@@H]3CC[C@@H]4C[C@@H](O)CC[C@]4(C)[C@H]3CC[C@]12C,1250.0,0.0
COc1ccc(SCc2cnc(SCc3c(F)cc(-c4nn[nH]n4)cc3F)n2-c2ccc(F)cc2)cc1OC,42620.0,0.0
O=C(c1cnccc1Oc1cccc2ccccc12)N1CCN(C2CC2)c2ccccc21,17.0,1.0
O=C(c1cnccc1Oc1ccc2[nH]ccc2c1)N1CCN(C2CC2)c2ccccc21,1216.0,0.0
C[C@H](CCC(=O)NCCS(=O)(=O)O)[C@H]1CC[C@H]2[C@@H]3CC[C@@H]4C[C@H](OS(=O)(=O)O)CC[C@]4(C)[C@H]3CC[C@]12C,47800.0,0.0
COc1ccc(C(C)(C)c2cnc(SCCOc3ccc(-n4ccnc4)cc3)n2-c2ccc(F)cc2)cc1OC,0.057,1.0
COc1ccc(C(C)(C)c2cnc(SCCOc3ccc(-n4ccnc4C)cc3F)n2-c2ccc(F)cc2)cc1OC,8.6,1.0
C=C(C)C[C@@]1(O)CC[C@]2(C)[C@H]3CC[C@@H]4[C@H]5[C@H](C(=C)C)CC[C@]5(C(=O)O)CC[C@@]4(C)[C@]3(C)CC[C@H]2C1(C)C,6270.0,0.0
COC(=O)c1ccc(N(C)C(=O)c2c(-c3ccccc3Cl)noc2C)cc1,7943.28,0.0
CC(C)c1onc(-c2ccccc2Cl)c1C(=O)N(C)c1ccc(Cl)cc1,19.95,1.0
COc1ccc(C(=O)Nc2cccc(C(=O)O)c2)c(NC(=O)c2ccc(C(C)(C)C)cc2)c1,30000.0,0.0
CCN(C(=O)c1c(-c2ccccc2Cl)noc1C)c1cccc(Cl)c1,5011.87,0.0
C[C@]12CC[C@@H](O)C[C@@H]1CC[C@@H]1[C@@H]2CC[C@]2(C)C(=O)CC[C@@H]12,30.0,1.0
COc1cc(C2(CF)CCCc3nc(SCc4c(F)cccc4Cl)n(-c4ccc(F)cc4)c32)ccc1Cl,6200.0,0.0
COc1cc(C2CCCc3nc(SCc4c(F)cccc4Cl)n(-c4ccc(F)cc4F)c32)ccc1Cl,35180.0,0.0
C[C@H]1[C@H](C)CC[C@]2(C(=O)O)CC[C@]3(C)C(=CC[C@@H]4[C@@]5(C)C[C@@H](O)[C@H](O)[C@@](C)(CO)[C@@H]5CC[C@]43C)[C@H]12,16800.0,0.0
C[C@]12CC[C@@H](O)C[C@H]1CC[C@@H]1[C@@H]2CC[C@]2(C)[C@@H](O)CC[C@@H]12,2440.0,0.0
C[C@H](CC(=O)O)[C@H]1CC[C@H]2[C@@H]3[C@H](O)C[C@@H]4C[C@H](O)CC[C@]4(C)[C@H]3CC[C@]12C,10400.0,0.0
C[C@H](CCC(=O)O)[C@H]1CC[C@H]2[C@@H]3[C@@H](F)C[C@@H]4C[C@H](O)CC[C@]4(C)[C@H]3CC[C@]12C,2290.0,0.0
C[C@H](CCC(=O)NCCS(=O)(=O)O)[C@H]1CC[C@H]2[C@@H]3C[C@H](O)[C@@H]4C[C@H](O)CC[C@]4(C)[C@H]3CC[C@]12C,24200.0,0.0
C[C@H](CCC(=O)O)[C@H]1CC[C@H]2[C@@H]3C[C@H](O)[C@@H]4C[C@H](O)CC[C@]4(C)[C@H]3CC[C@]12C,31600.0,0.0
N#Cc1ccc(CCNC(=O)[C@@H]2CCCN(c3ccnc(C(F)(F)F)n3)C2)cc1,23.0,1.0
CCN1CCN(c2cc(N3CC[C@H]3C(=O)NCCc3ccc(C#N)nc3)nc(C(F)(F)F)n2)CC1,4.0,1.0
Cc1onc(-c2ccc(C(F)(F)F)cc2)c1C(=O)N(C)c1ccc(Cl)cc1,1258.93,0.0
C[C@H](C[C@H](C)C(=O)O)[C@H]1CC[C@H]2[C@@H]3[C@H](O)CC4C[C@H](O)CC[C@]4(C)[C@H]3CC[C@]12C,3580.0,0.0
CCNc1nc2c(c(C(N)=O)n1)CN(C(=O)CCc1ccccc1)CC2,8320.0,0.0
O=C(c1ncncc1Oc1cc(Cl)ccc1Cl)N1CCCc2ccccc21,3871.0,0.0
O=C(c1cnccc1Oc1ccccc1)N1CCN(C2CC2)c2ccccc21,47.0,1.0
Cc1nn(C)c(Oc2cccc(Cl)c2Cl)c1C(=O)N1CCCC[C@@H]1c1cccnc1,6.8,1.0
Cc1ccnc(N2CCC[C@@H](C(=O)NCCc3ccc(Br)cc3)C2)n1,33.0,1.0
Cc1nc(N2CCC[C@@H](C(=O)NCCc3ccc(C#N)cc3)C2)nc(N2CCN(C)CC2)c1F,11.0,1.0
C[C@]12CC[C@H](O)C[C@H]1CC[C@@H]1[C@@H]2CC[C@]2(C)C(=O)CC[C@@H]12,2620.0,0.0
C[C@H](CCCS(=O)(=O)O)[C@H]1CC[C@H]2[C@@H]3[C@@H](O)C[C@@H]4C[C@H](O)CC[C@]4(C)[C@H]3CC[C@]12C,5020.0,0.0
C[C@H](CCCO)[C@H]1CC[C@H]2[C@@H]3[C@@H](O)C[C@@H]4C[C@H](O)CC[C@]4(C)[C@H]3CC[C@]12C,2180.0,0.0
COc1ccc(SCc2cnc(SCc3c(F)cccc3Cl)n2-c2ccc(F)cc2)cc1OC,5680.0,0.0
COc1ccc(SCc2cnc(SCc3c(F)cc(S(=O)(=O)NCCC[N+](C)(C)C)cc3F)n2-c2ccc(F)cc2)cc1OC.O=C([O-])C(F)(F)F,29550.0,0.0
COc1ccc(SCc2cnc(SCc3c(F)cc(S(=O)(=O)N(CCCO)CCC[N+](C)(C)C)cc3F)n2-c2ccc(F)cc2)cc1OC.O=C([O-])C(F)(F)F,20750.0,0.0
COc1ccc(SCc2cnc(SCc3c(F)cc(C(=O)O)cc3F)n2-c2ccc(F)cc2)cc1OC,6080.0,0.0
Cc1ccnc(N2CCC[C@@H](C(=O)NCCc3ccccc3)C2)n1,26400.0,0.0
CC[C@H]1[C@@H](O)[C@@H]2[C@H](CC[C@]3(C)[C@@H]([C@H](C)CCNC(=O)OC/C=C/c4ccccc4)CC[C@@H]23)[C@@]2(C)CC[C@@H](O)C[C@@H]12,55000.0,0.0
CCc1cc(Cl)c(Oc2ccncc2C(=O)N2CCN(C3CC3)c3ccccc32)cc1Cl,0.72,1.0
COc1ccc(C(C)(C)c2cnc(SCCOc3ccc(C#N)cc3)n2-c2ccc(F)cc2)cc1OC,2.3,1.0
Cc1cc(/C(CC(c2ccc(CC(=O)O)cc2)c2ccccc2C)=N/O)ccn1,6100.0,0.0
O=C(c1ccc(Cl)cc1)N(Cc1cc(C(F)(F)F)cc(C(F)(F)F)c1)Cc1cnccc1-c1ccccc1,7430.0,0.0
COc1ccc(Cc2nnc(SCc3c(F)cccc3F)n2-c2ccc(F)cc2)cc1OC,21.0,1.0
N#Cc1ccc(CCNC(=O)[C@@H]2CCN2c2cc(-c3ccc(-c4ccc(C(=O)O)cc4)cc3)nc(C(F)(F)F)n2)cc1,2.0,1.0
O=C1COc2nccc(-c3ccccc3F)c2CN1Cc1cc(C(F)(F)F)cc(C(F)(F)F)c1,0.23,1.0
CCNc1nc2c(c(C(N)=O)n1)CN(C(=O)CCc1ccc(C(C)(F)F)cc1)CC2,2.7,1.0
Cc1ccc(Oc2ccncc2C(=O)N2CCN(C3CC3)c3ccccc32)cc1,12.0,1.0
Cc1ccc(C(C/C(=N\O)c2ccncc2)c2ccc(N(C)C)cc2)cc1,1100.0,0.0
Cc1ccc(CN(C(=O)c2c(C)nn(C)c2Oc2cccc(Cl)c2Cl)C(C)C)cn1,49.0,1.0
C[C@H](CCCS(=O)(=O)O)[C@H]1CC[C@H]2[C@@H]3[C@H](O)C[C@@H]4C[C@H](O)CC[C@]4(C)[C@H]3C[C@H](O)[C@]12C,1000.0,0.0
COc1ccc(N(C)c2cnc(SCc3c(F)cc(C#CCN(C)C)cc3F)n2-c2ccc(F)cc2)cc1OC,4.1,1.0
COc1ccc(N(C)c2cnc(SCc3c(F)cccc3F)n2-c2ccc(F)cc2F)cc1OC,4.8,1.0
COc1ccc(N(C)c2cnc(SCc3ccccc3)n2-c2ccc(F)cc2)cc1OC,68.0,1.0
Cc1ccccc1[C@H](C/C(=N/O)C1CCC(=O)N(C)C1)c1ccc(S(C)(=O)=O)cc1,29.0,1.0
C[C@]12CC[C@@H](O)C[C@H]1CC[C@@H]1[C@@H]2CC[C@]2(C)C(=O)CC[C@@H]12,3760.0,0.0
COc1cc(C2CCCc3nc(SCc4c(F)cccc4Cl)n(-c4ccc(F)c(C(F)(F)F)c4)c32)ccc1Cl,13400.0,0.0
N#Cc1ccc(CCNC(=O)[C@@H]2CCCN(c3cc(N4CCNCC4)nc(C(F)(F)F)n3)C2)cc1,13.0,1.0
COc1cccc(Oc2ccncc2C(=O)N2CCN(C3CC3)c3ccccc32)c1,26.0,1.0
N#Cc1ccc(CCNC(=O)[C@@H]2CCN2c2cc(N3CCC(Oc4ccc(CC(=O)O)cc4)CC3)nc(C(F)(F)F)n2)cc1,30.0,1.0
N#Cc1ccc(CCNC(=O)[C@@H]2CCCN(c3cc(N4CCC(Oc5ccc(CC(=O)O)cc5)CC4)nc(C(F)(F)F)n3)C2)cc1,2.0,1.0
N#Cc1ccc(CCNC(=O)[C@@H]2CCCN(c3cc(N4CCNCC4)nc(C(F)(F)F)n3)C2)cn1,63.0,1.0
C[C@H](CCCO)[C@H]1CC[C@H]2[C@@H]3[C@H](O)C[C@@H]4C[C@H](O)CC[C@]4(C)[C@H]3CC[C@]12C,6000.0,0.0
CN(C(=O)c1c(-c2ccccc2Cl)noc1C1CC1)c1ccc(Cl)cc1,3.981,1.0
C[C@H](CCC(=O)NCC(=O)O)[C@H]1CC[C@H]2[C@@H]3[C@@H](O)C[C@@H]4C[C@H](O)CC[C@]4(C)[C@H]3CC[C@]12C,33900.0,0.0
O=C(c1cnccc1Oc1ccc2ccoc2c1)N1CCN(C2CC2)c2ccccc21,25.0,1.0
O=C(c1cnccc1Oc1ccc2ccccc2c1)N1CCN(C2CC2)c2ccccc21,41.0,1.0
COc1cc(C2CCCc3nc(SCc4ccc(F)cc4F)n(-c4ccc(F)cc4)c32)ccc1Cl,26440.0,0.0
COc1cc(C2(C)CCCc3nc(SCc4c(F)cc(OCCOCCOCCN(C)C)cc4F)n(-c4ccc(F)cc4)c32)ccc1F,25100.0,0.0
C[C@H](CCCOS(=O)(=O)[O-])[C@H]1CC[C@H]2[C@@H]3[C@H](O)C[C@@H]4CCCC[C@]4(C)[C@H]3CC[C@]12C.[Na+],9000.0,0.0
CN(C)c1ccc(C(C/C(=N\O)c2ccncc2)c2ccccn2)cc1,1600.0,0.0
CCOC(=O)CNC(=O)CCc1cc(Cl)c(Oc2ccncc2C(=O)N2CCN(C3CC3)c3ccccc32)cc1Cl,5300.0,0.0
CCOC(=O)CCc1cc(Cl)c(Oc2ccncc2C(=O)N2CCN(C3CC3)c3ccccc32)cc1Cl,3800.0,0.0
CN(CC(=O)O)C(=O)CCc1cc(Cl)c(Oc2ccncc2C(=O)N2CCN(C3CC3)c3ccccc32)cc1Cl,15000.0,0.0
Cc1nn(C)c(Oc2cccc(Cl)c2Cl)c1C(=O)N(Cc1cccnc1)C1CCOC1,1080.0,0.0
Cc1nn(C)c(Oc2cccc(Cl)c2Cl)c1C(=O)N1CCCC[C@H]1c1cccnc1,4680.0,0.0
CCc1onc(-c2cccc(OC)c2)c1C(=O)N(C)c1ccc(C(F)(F)F)nc1,11.0,1.0
COc1cccc(-c2noc(C3CC3)c2C(=O)N(C)c2ccc(C(F)(F)F)nc2)c1,8.2,1.0
CCN(C(=O)c1cncnc1Oc1cc(Cl)ccc1Cl)c1ccccc1C,4886.0,0.0
O=C(c1cnccc1Oc1cc(Cl)ccc1Cl)N1CCCc2ccccc21,49.0,1.0
C=CCN1CCN(C(=O)c2cncnc2Oc2cc(Cl)ccc2Cl)c2ccccc21,30.0,1.0
COc1cccc(-c2noc(C)c2C(=O)N(C)c2ccc(C(F)(F)F)nc2)c1,10.0,1.0
Cc1onc(-c2cccc(Cl)c2)c1C(=O)N(C)c1ccc(Cl)cc1,12.59,1.0
COc1ccc(CNc2c(-c3cc(Cl)ccn3)nc3ccc(Cl)cn23)cc1,0.3,1.0
CCCN1CCN(C(=O)c2cncnc2Oc2cc(Cl)ccc2Cl)c2ccccc21,30.0,1.0
CC(C)N1CCN(C(=O)c2cnccc2Oc2cc(Cl)ccc2Cl)c2ccccc21,69.0,1.0
Cc1nc(N2CCC[C@@H](C(=O)NCCc3ccc(Cl)cc3)C2)ncc1F,38.0,1.0
CN1CCN(c2cc(N3CCC[C@H]3C(=O)NCCc3ccc(C#N)cc3)nc(C(F)(F)F)n2)CC1,4.0,1.0
Cn1nc(C(=O)N(Cc2ccccc2)Cc2ccc(C(=O)O)cc2)c2c1-c1cc(Cl)ccc1OC2,7.0,1.0
CC[C@H]1[C@@H](O)[C@@H]2[C@H]([C@H](O)C[C@]3(C)[C@@H]([C@H](C)CCC(=O)O)CC[C@@H]23)[C@@]2(C)CC[C@@H](O)C[C@@H]12,3000.0,0.0
Cc1noc(CC[C@@H](C)[C@H]2CC[C@H]3[C@@H]4[C@H](O)C[C@@H]5C[C@H](O)CC[C@]5(C)[C@H]4CC[C@]23C)n1,8440.0,0.0
COCCOCCNC(=O)CC[C@@H](C)[C@H]1CC[C@H]2[C@@H]3[C@H](OC)C[C@@H]4C[C@H](O)CC[C@]4(C)[C@H]3CC[C@]12C,49.5,1.0
CC[C@H]1[C@@H](O)[C@@H]2[C@H](CC[C@]3(C)[C@@H]([C@H](C)CCN)CC[C@@H]23)[C@@]2(C)CC[C@@H](O)C[C@@H]12,1320.0,0.0
Cc1nn(C)c(Oc2cccc(Cl)c2Cl)c1C(=O)N(Cc1cccnc1)C1CC1,1020.0,0.0
Cc1ccccc1C1CCCCN1C(=O)c1c(C)nn(C)c1Oc1cccc(Cl)c1Cl,1400.0,0.0
Cc1onc(-c2ccccc2Cl)c1C(=O)N1CCc2cc(Cl)ccc21,3162.28,0.0
CCOC(=O)/C=C/c1oc2ccc(Cl)c(Oc3ccncc3C(=O)N3CCN(C4CC4)c4ccccc43)c2c1C,8.9,1.0
Cc1c(Br)oc2cc(Cl)c(Oc3ccncc3C(=O)N3CCN(C4CC4)c4ccccc43)cc12,66.0,1.0
C=C(C)[C@@H]1CC[C@]2(C(=O)O)CC[C@]3(C)[C@H](CC[C@@H]4[C@@]5(C)CC/C(=N\OC(C)=O)C(C)(C)[C@@H]5CC[C@]43C)[C@@H]12,5000.0,0.0
COc1ccc(SCc2cnc(SCc3c(F)cc(C(=O)NC(CCCNC(=N)N)C(=O)O)cc3F)n2-c2ccc(F)cc2)cc1OC,36800.0,0.0
Cc1nn(C)c(Oc2cccc(F)c2F)c1C(=O)N1CCCCC1c1cccnc1,65.0,1.0
CC[C@H]1[C@@H](O)[C@@H]2[C@H](CC[C@]3(C)[C@@H]([C@H](C)CCc4nn[nH]n4)CC[C@@H]23)[C@@]2(C)CC[C@@H](O)C[C@@H]12,1770.0,0.0
Cc1cc(/C(C[C@H](c2ccc(C3C[C@@H]4C(C(=O)O)[C@@H]4C3)cc2)c2ccc(F)cc2F)=N\O)ccn1,1.0,1.0
CC[C@H]1[C@H](O)[C@@H]2[C@H](CC[C@]3(C)[C@@H]([C@H](C)CCC(=O)O)CC[C@@H]23)[C@@]2(C)CC[C@@H](O)C[C@@H]12,1490.0,0.0
O=C(c1ccncc1)N(Cc1cc(C(F)(F)F)cc(C(F)(F)F)c1)Cc1cnccc1-c1ccccc1,4080.0,0.0
CCOC(=O)CNC(=O)/C=C/c1oc2ccc(Cl)c(Oc3ccncc3C(=O)N3CCN(C4CC4)c4ccccc43)c2c1C,8.5,1.0
O=C(O)c1cc(F)c2nc(N3C4CCC3CC(OCc3c(-c5ccccc5OC(F)(F)F)noc3C3CC3)C4)sc2c1,0.2,1.0
O=C(c1cnccc1Oc1ccc2ncccc2c1)N1CCN(C2CC2)c2ccccc21,64.0,1.0
CC[C@H]1[C@@H](O)[C@@H]2[C@H](CC[C@]3(C)[C@@H]([C@H](C)CCC(=O)[O-])[C@@H](O)C[C@@H]23)[C@@]2(C)CC[C@@H](O)C[C@@H]12.[Na+],11500.0,0.0
Cc1onc(-c2cccc(F)c2)c1C(=O)N(C)c1ccc(Cl)cc1,7.943,1.0
CCN1CCN(c2cc(N3CCC[C@@H](C(=O)NCCc4cnc(C#N)nc4)C3)nc(C(F)(F)F)n2)CC1,17.0,1.0
C[C@H](C(=O)O)[C@H]1CC[C@H]2[C@@H]3[C@@H](O)C[C@@H]4C[C@H](O)CC[C@]4(C)[C@H]3CC[C@]12C,99700.0,0.0
Cc1onc(-c2ccccc2Cl)c1C(=O)N(C)c1ccc(N(C)C)cc1,3981.07,0.0
CCCc1onc(-c2ccccc2Cl)c1C(=O)N(C)c1ccc(Cl)cc1,10.0,1.0
C[C@H]([C@@H]1C[C@H]1C(=O)O)[C@H]1CC[C@H]2[C@@H]3[C@H](O)C[C@@H]4C[C@H](O)CC[C@]4(C)[C@H]3CC[C@]12C,2910.0,0.0
C[C@H](CCC(=O)NCC(=O)O)[C@H]1CC[C@H]2[C@@H]3C[C@H](O)[C@@H]4C[C@H](O)CC[C@]4(C)[C@H]3CC[C@]12C,36700.0,0.0
Cc1nn(C)c(Oc2cc(Cl)ccc2Cl)c1C(=O)N1CCCCC1c1cccnc1,1480.0,0.0
O=C(c1ccsc1)N(Cc1cnccc1-c1ccccc1F)S(=O)(=O)c1cc(C(F)(F)F)cc(C(F)(F)F)c1,1090.0,0.0
O=C(c1nccnc1Oc1cc(Cl)ccc1Cl)N1CCCc2ccccc21,5422.0,0.0
CN(C(=O)c1cncnc1Oc1cc(Cl)ccc1Cl)c1ccccc1,3151.0,0.0
Cc1cc(Cl)c(Oc2ccncc2C(=O)N2CCN(C3CC3)c3ccccc32)cc1Cl,0.31,1.0
Cc1nn(C)c(Oc2cccc(Cl)c2Cl)c1C(=O)N1CCCCC1c1nccn1C,6400.0,0.0
C[C@H](C[C@H](C)C(=O)O)[C@H]1CC[C@H]2[C@@H]3[C@H](O)C[C@@H]4C[C@H](O)CC[C@]4(C)[C@H]3CC[C@]12C,3580.0,0.0
C[C@H](CCC(=O)NCCS(=O)(=O)O)[C@H]1CC[C@H]2[C@@H]3[C@@H](C)C[C@@H]4CCCC[C@]4(C)[C@H]3CC[C@]12C,10600.0,0.0
O=C(c1cnccc1Oc1cc2ccoc2cc1Cl)N1CCN(C2CC2)c2ccccc21,1.4,1.0
O=C(c1cnccc1Oc1ccc2ncsc2c1)N1CCN(C2CC2)c2ccccc21,60.0,1.0
Cc1ccc(N(C)C(=O)c2c(-c3ccccc3Cl)noc2C)cc1C,19.95,1.0
Cc1onc(-c2ccccc2Cl)c1C(=O)N(C)c1ccc(C(C)(C)C)cc1,7943.28,0.0
Cc1onc(-c2ccc(Cl)cc2)c1C(=O)N(C)c1ccc(Cl)cc1,12.59,1.0
COc1ccccc1-c1noc(C)c1C(=O)N(C)c1ccc(Cl)cc1,63.1,1.0
Cc1onc(-c2ccccc2C(F)(F)F)c1C(=O)N(C)c1ccc(Cl)cc1,31.62,1.0
Cc1onc(-c2ccccc2)c1C(=O)N(C)c1ccc(Cl)cc1,19.95,1.0
Cc1onc(-c2ccccc2Cl)c1C(=O)N(c1ccc(Cl)cc1)C(C)C,39.81,1.0
C[C@H](CCC(=O)NCCS(=O)(=O)O)[C@H]1CC[C@H]2[C@@H]3[C@H](O)C[C@@H]4C[C@H](O)CC[C@]4(C)[C@H]3C[C@H](O)[C@]12C,4950.0,0.0
C[C@H](CCC(=O)O)[C@H]1CC[C@H]2[C@@H]3CC[C@@H]4C[C@H](O)CC[C@]4(C)[C@H]3C[C@H](O)[C@]12C,1250.0,0.0
C[C@]12CC[C@H](O)CC1=CC[C@@H]1[C@@H]2CC[C@]2(C)C(=O)CC[C@@H]12,3330.0,0.0
COc1cccc(Oc2c(C(=O)N3CCCCC3c3cccnc3)c(C)nn2C)c1,4930.0,0.0
CN1CCN(C(=O)c2cnc(O)nc2Oc2cc(Cl)ccc2Cl)c2ccccc21,3.9,1.0
CN1CCN(C(=O)c2cncnc2Oc2cc(Cl)ccc2Cl)c2ccccc21,3.5,1.0
CC[C@H]1[C@@H](O)[C@@H]2[C@H](CC[C@]3(C)[C@@H]([C@H](C)CCc4cc(O)no4)CC[C@@H]23)[C@@]2(C)CC[C@@H](O)C[C@@H]12,30.0,1.0
Cc1ccnc(N2CCC[C@@H](C(=O)NCCc3ccc(Cl)cc3)C2)c1,4890.0,0.0
COc1ccc(N(C)c2cnc(SCc3c(C)cccc3C)n2-c2ccc(F)cc2)cc1OC,41.0,1.0
O=C(c1ccccc1)N(Cc1cnccc1-c1ccccc1F)S(=O)(=O)c1cc(C(F)(F)F)cc(C(F)(F)F)c1,31.0,1.0
CCC(=O)N(Cc1cc(C(F)(F)F)cc(C(F)(F)F)c1)Cc1cnccc1-c1ccccc1,1270.0,0.0
O=S(=O)(c1cc(C(F)(F)F)cc(C(F)(F)F)c1)N(Cc1ccccc1)Cc1cnccc1-c1ccccc1F,2100.0,0.0
CC(C)(c1ccc(Cl)c(Cl)c1)c1cnc(SCCOCc2c(F)cccc2Cl)n1-c1ccc(F)cc1,35.7,1.0
CN(C)c1ccc(C(C/C(=N\O)c2ccncc2)c2ccccc2)cc1,45.0,1.0
CO[C@@H]1CC[C@@]2(C)[C@@H](C1)C[C@@H](O)[C@@H]1[C@@H]2CC[C@]2(C)[C@@H]([C@H](C)CCC(=O)N3CCCC3)CC[C@@H]12,1900.0,0.0
C[C@H](CCC(=O)N1CCCC1)[C@H]1CC[C@H]2[C@@H]3[C@H](O)C[C@@H]4C[C@H](O)CC[C@]4(C)[C@H]3C[C@H](O)[C@]12C,5080.0,0.0
CCNS(=O)(=O)O[C@@H]1CC[C@]2(C)[C@H]3CC[C@@H]4[C@H]5[C@H](C(C)C)CC[C@]5(C(=O)O)CC[C@@]4(C)[C@]3(C)CC[C@H]2C1(C)C,68.59,1.0
CCCNC(=O)O[C@@H]1CC[C@]2(C)[C@H]3CC[C@@H]4[C@H]5[C@H](C(C)C)CC[C@]5(C(=O)O)CC[C@@]4(C)[C@]3(C)CC[C@H]2C1(C)C,26.88,1.0
CC(C)[C@@H]1CC[C@]2(C(=O)O)CC[C@]3(C)[C@H](CC[C@@H]4[C@@]5(C)CC[C@@H](OC(=O)NC6CC6)C(C)(C)[C@@H]5CC[C@]43C)[C@@H]12,10.06,1.0
C[C@H](CCO)[C@H]1CC[C@H]2[C@@H]3[C@@H](O)C[C@@H]4C[C@H](O)CC[C@]4(C)[C@H]3CC[C@]12C,24400.0,0.0
COc1ccc(C(C)(C)c2cnc(SCCOc3ccc(-n4cccc4)cc3)n2-c2ccc(F)cc2)cc1OC,7.8,1.0
N#CC(NCc1cnccc1-c1c(F)cccc1F)c1cc(C(F)(F)F)cc(C(F)(F)F)c1,51.0,1.0
CO[C@@H]1C[C@@H]2C[C@H](O)CC[C@]2(C)[C@H]2CC[C@]3(C)[C@@H]([C@H](C)CCC(=O)NC[C@H](O)[C@@H](O)[C@H](O)[C@H](O)CO)CC[C@H]3[C@H]12,33.3,1.0
O=C([C@@H]1CCN1Cc1cc(Cl)ccc1Cl)N1CCN(C2CC2)c2ccccc21,1000.0,0.0
CCc1nnn(-c2cccc(OC)c2)c1C(=O)N(C)c1ccc(Cl)cc1,2.1,1.0
COCOC(=O)c1coc2ccc(Oc3ccncc3C(=O)N3CCN(C4CC4)c4ccccc43)cc12,4.7,1.0
CO[C@@H]1CC[C@@]2(C)[C@@H](C1)C[C@@H](O)[C@@H]1[C@@H]2CC[C@]2(C)[C@@H]([C@H](C)CCC#N)CC[C@@H]12,1380.0,0.0
C[C@H](CCC(N)=O)[C@H]1CC[C@H]2[C@@H]3[C@H](O)C[C@@H]4C[C@H](O)CC[C@]4(C)[C@H]3CC[C@]12C,3050.0,0.0
O=C(O)CCNC(=O)CCc1cc(Cl)c(Oc2ccncc2C(=O)N2CCN(C3CC3)c3ccccc32)cc1Cl,8000.0,0.0
COc1ccc(SCc2cnc([S+]([O-])Cc3c(F)cc(C(=O)O)cc3F)n2-c2ccc(F)cc2)cc1OC,44900.0,0.0
COc1ccc(C2(C)CCCc3nc(SCc4c(F)cccc4Cl)n(-c4ccc(F)cc4)c32)cc1OC,10.0,1.0
COc1cc(C2(C)CCCc3nc(SCc4ncccn4)n(-c4ccc(F)cc4)c32)ccc1Cl,1880.0,0.0
O=C(O)c1ccc2c(c1)Oc1ccc(OCc3c(-c4c(Cl)cccc4Cl)noc3C3CC3)nc1C1(CC1)C2,1.37,1.0
C[C@H](CCC(=O)NCC(=O)O)[C@H]1CC[C@H]2[C@@H]3[C@H](O)C[C@@H]4C[C@H](O)CC[C@]4(C)[C@H]3C[C@H](O)[C@]12C,13600.0,0.0
O=C(O)Cc1coc2cc(Cl)c(Oc3ccncc3C(=O)N3CCN(C4CC4)c4ccccc43)cc12,1358.0,0.0
COc1ccc(N(C)c2cnc(SCc3c(F)cccc3F)n2-c2ccccc2)cc1OC,5.1,1.0
O=C(O)c1coc2cc(Cl)c(Oc3ccncc3C(=O)N3CCN(C4CC4)c4ccccc43)cc12,1673.0,0.0
C[C@H](C[C@H](C)C(=O)O)[C@H]1CC[C@H]2[C@@H]3[C@H](O)CC4C[C@H](O)CC[C@]4(C)[C@H]3C[C@H](O)[C@]12C,4390.0,0.0
CC[C@H]1[C@@H](O)[C@@H]2[C@H](C[C@@H](O)[C@]3(C)[C@@H]([C@H](C)CCC(=O)O)CC[C@@H]23)[C@@]2(C)CC[C@@H](O)C[C@@H]12,62000.0,0.0
Cc1onc(-c2ccccc2Cl)c1C(=O)N(C)c1ccccc1,3981.07,0.0
Cc1onc(-c2ccccc2Cl)c1C(=O)N(C)c1ccccc1Cl,1995.26,0.0
COc1ccccc1N(C)C(=O)c1c(-c2ccccc2Cl)noc1C,2511.89,0.0
Cc1cc(N(C)C(=O)c2c(-c3ccccc3Cl)noc2C)ccc1Cl,63.1,1.0
CCc1onc(-c2ccccc2Cl)c1C(=O)N(CC)c1ccc(Cl)cc1,10.0,1.0
Cc1cc(/C(C[C@@H](c2ccc(-c3ccc(C(=O)O)cc3)cc2)c2ccccc2C)=N/O)ccn1,57.0,1.0
COc1ccc(C(C)(C)c2cnc(SCc3c(F)cccc3Cl)n2-c2ccc(F)cc2)cc1OC,17.08,1.0
Cc1c(/C=C/C(=O)NCC(=O)O)oc2ccc(Cl)c(C(=O)Oc3ccncc3C(=O)N3CCN(C4CC4)c4ccccc43)c12,34.0,1.0
O=C(c1cnccc1Oc1ccc2cccnc2c1)N1CCN(C2CC2)c2ccccc21,59.0,1.0
O=C(CCc1cc(Cl)c(Oc2ccncc2C(=O)N2CCN(C3CC3)c3ccccc32)cc1Cl)NCCOCCOCCOCCOCCOCCOCCOCCOCCNC(=O)CCc1cc(Cl)c(Oc2ccncc2C(=O)N2CCN(C3CC3)c3ccccc32)cc1Cl,25000.0,0.0
CN1CCN(C(=O)C2(C(=O)Nc3cc(Cl)ccc3Cl)CC2)c2ccccc21,5.1,1.0
COc1cccc(-n2nnc(C3CC3)c2C(=O)N(C)c2ccc(Cl)cc2)c1,1.9,1.0
C[C@H](CC#N)[C@H]1CC[C@H]2[C@@H]3C[C@@](O)(c4ccccc4)[C@@H]4C[C@H](O)CC[C@]4(C)[C@H]3CC[C@]12C,4580.0,0.0
Cc1ccnc(N2CCC[C@@H](C(=O)NCCc3ccc(Cl)cc3)C2)n1,60.0,1.0
CCC(c1cc(C(F)(F)F)cc(C(F)(F)F)c1)N(Cc1cnccc1-c1ccccc1)C(=O)c1ccco1,1230.0,0.0
C[C@H](CCC(=O)NCC(=O)O)[C@H]1CC[C@H]2[C@@H]3CC[C@@H]4C[C@H](O)CC[C@]4(C)[C@H]3C[C@H](O)[C@]12C,1180.0,0.0
C[C@H](CCC(=O)O)[C@H]1CC[C@H]2[C@@H]3C[C@@H](O)[C@@H]4C[C@H](O)CC[C@]4(C)[C@H]3CC[C@]12C,4890.0,0.0
O=C(c1cncn1Cc1ccc(Cl)cc1Cl)N1CCN(C2CC2)c2ccccc21,6.8,1.0
NCCCCCc1cc(Cl)c(CN2CSC[C@H]2C(=O)N2CCN(C3CC3)c3ccccc32)cc1Cl,63.1,1.0
COCC(=O)O[C@@H]1CC[C@]2(C)[C@H]3CC[C@@H]4[C@H]5[C@H](C(C)C)CC[C@]5(C(=O)O)CC[C@@]4(C)[C@]3(C)CC[C@H]2C1(C)C,25.25,1.0
CCCC(=O)O[C@@H]1CC[C@]2(C)[C@H]3CC[C@@H]4[C@H]5[C@H](C(C)C)CC[C@]5(C(=O)O)CC[C@@]4(C)[C@]3(C)CC[C@H]2C1(C)C,2610.0,0.0
COc1cc(C2CCCc3nc(SCc4cc(F)ccc4F)n(-c4ccc(F)cc4)c32)ccc1Cl,7415.0,0.0
CSCOC(=O)c1coc2ccc(Oc3ccncc3C(=O)N3CCN(C4CC4)c4ccccc43)cc12,7.0,1.0
O=C(O)c1coc2ccc(Oc3ccncc3C(=O)N3CCN(C4CC4)c4ccccc43)cc12,6052.0,0.0
CC(C)c1onc(-c2c(Cl)cccc2Cl)c1COc1ccc(C(=O)O)cc1,6670.0,0.0
CC(C)[C@@H]1CC[C@]2(C(=O)O)CC[C@]3(C)[C@H](CC[C@@H]4[C@@]5(C)CC[C@@H](OC(N)=O)C(C)(C)[C@@H]5CC[C@]43C)[C@@H]12,30.7,1.0
CSc1ncc(C(=O)N2CCN(C)c3ccccc32)c(Oc2cc(Cl)ccc2Cl)n1,12.0,1.0
C[C@H](CCCCC(=O)O)[C@H]1CC[C@H]2[C@@H]3[C@@H](O)C[C@@H]4C[C@H](O)CC[C@]4(C)[C@H]3CC[C@]12C,17200.0,0.0
CO[C@@H]1C[C@@H]2C[C@H](O)CC[C@]2(C)[C@H]2CC[C@]3(C)[C@@H]([C@H](C)CCc4nnc(C)o4)CC[C@H]3[C@H]12,5.59,1.0
CN(C[C@H](O)[C@@H](O)[C@H](O)[C@H](O)CO)C(=O)CCCCc1cc(Cl)c(CN2CSC[C@H]2C(=O)N2CCN(C3CC3)c3ccccc32)cc1Cl,25.12,1.0
CN1CCN(c2cc(N3CC[C@@H]3C(=O)NCCc3ccc(C#N)cc3)nc(C(F)(F)F)n2)CC1,3540.0,0.0
COc1ccc(C2(C)CCCc3nc(SCc4c(F)cncc4F)n(-c4ccc(F)cc4)c32)cc1OC,50.0,1.0
COc1ccc(C(C)(C)c2cnc(SCCOCc3cccc(C#N)c3)n2-c2ccc(F)cc2)cc1OC,21.6,1.0
CCCC(CCC)n1c(-c2ccc(OCc3c(-c4c(Cl)cccc4Cl)noc3C(C)C)cc2)nc2ccc(C(=O)O)cc21,1.8,1.0
CC(C)[C@@H]1CC[C@]2(C(=O)O)CC[C@]3(C)[C@H](CC[C@@H]4[C@@]5(C)CC[C@@H](OC(=O)NC6CCC6)C(C)(C)[C@@H]5CC[C@]43C)[C@@H]12,26.69,1.0
COc1ccc(C(C)(C)c2cnc(SCCOc3ccc(-c4nccs4)cc3)n2-c2ccc(F)cc2)cc1OC,31.5,1.0
COC(=O)c1cccc(OCc2c(-c3c(Cl)cccc3Cl)noc2C(C)C)c1,2060.0,0.0
CC(C)c1onc(-c2c(Cl)cccc2Cl)c1COc1ccc(-c2cccc(C(=O)O)c2)cc1,1400.0,0.0
CC(C)c1onc(-c2c(Cl)cccc2Cl)c1COc1ccc(COc2cccc(C#N)c2)cc1,5400.0,0.0
COC(=O)c1cccc(OCc2ccc(OCc3c(-c4c(Cl)cccc4Cl)noc3C(C)C)cc2)c1,1150.0,0.0
COc1ccc(C(C)(C)c2cnc(SCCOCc3cccc(Cl)c3)n2-c2ccc(F)cc2)cc1OC,17.2,1.0
O=C(c1cncn1Cc1ccccc1)N1CCN(C2CC2)c2ccccc21,3500.0,0.0
COc1ccc(-n2c(N(C)c3ccc(OC)c(OC)c3)cnc2SCc2c(F)cccc2F)cc1,7745.0,0.0
CS(=O)(=O)c1ccc(CC2CCC(c3c(C(=O)N4CCC(c5ccc(F)cc5)C4)cnn3-c3ccc(F)cc3)CC2)cc1,7.0,1.0
CO[C@@H]1C[C@@H]2C[C@H](O)CC[C@]2(C)[C@H]2CC[C@]3(C)[C@@H]([C@H](C)CCC(=O)N(C)C[C@H](O)[C@@H](O)[C@H](O)[C@H](O)CO)CC[C@H]3[C@H]12,62.3,1.0
C[C@H](CC#N)[C@H]1CC[C@H]2[C@@H]3C[C@H](O)[C@@H]4C[C@H](O)CC[C@]4(C)[C@H]3CC[C@]12C,2650.0,0.0
C[C@H](CCC(=O)N1CCCC1)[C@H]1CC[C@H]2[C@@H]3[C@@H](O)C[C@@H]4C[C@H](O)CC[C@]4(C)[C@H]3CC[C@]12C,17200.0,0.0
C[C@H](CCC(=O)N1CCCC1)[C@H]1CC[C@H]2[C@@H]3[C@H](O)C[C@@H]4C[C@H](O)CC[C@]4(C)[C@H]3CC[C@]12C,1600.0,0.0
COc1ccc(N(C)c2cnc(SCc3c(F)cccc3F)n2-c2ccc(F)c(Cl)c2)cc1OC,2.0,1.0
COc1ccc([C@H]2CCCc3nc(SCc4c(F)cccc4Cl)n(-c4ccc(F)cc4)c32)cc1OC,9390.0,0.0
COc1ccc(N(C)c2c(CCC(=O)O)nc(SCc3c(F)cccc3F)n2-c2ccc(F)cc2)cc1OC,1935.0,0.0
CC(C)c1onc(-c2c(Cl)cccc2Cl)c1COc1cccc(CO)c1,4370.0,0.0
COc1ccc([C@@H]2CCCc3nc(SCc4c(F)cccc4Cl)n(-c4ccc(F)cc4)c32)cc1OC,3400.0,0.0
COc1ccc(N2CCN(C(=O)c3cncn3[C@H](C)c3ccccc3)CC2)cc1,4.39,1.0
C[C@H](CCC(=O)NS(C)(=O)=O)[C@H]1CC[C@H]2[C@@H]3[C@H](O)C[C@@H]4C[C@H](O)CC[C@]4(C)[C@H]3CC[C@]12C,19900.0,0.0
C[C@H](CC#N)[C@H]1CC[C@H]2[C@@H]3C[C@](C)(O)[C@@H]4C[C@H](O)CC[C@]4(C)[C@H]3CC[C@]12C,6900.0,0.0
COc1cccc(C2CCCc3nc(SCc4c(F)cccc4Cl)n(-c4ccc(F)cc4)c32)c1,2780.0,0.0
COc1cc(C2CCCc3nc(SCc4c(F)cccc4Cl)n(-c4ccc(Cl)cc4)c32)ccc1Cl,18550.0,0.0
CC(=O)[C@@H]1CC[C@]2(C(=O)O)CC[C@]3(C)[C@H](CC[C@@H]4[C@@]5(C)CC[C@@H](OC(=O)NC6CC6)C(C)(C)[C@@H]5CC[C@]43C)[C@@H]12,13.11,1.0
COc1ccc(C(C)(C)c2cnc(SCCOc3ccccc3)n2-c2ccc(F)cc2)cc1OC,38.0,1.0
C[C@H](O)[C@@H]1CC[C@]2(C(=O)O)CC[C@]3(C)[C@H](CC[C@@H]4[C@@]5(C)CC[C@@H](OC(=O)NC6CC6)C(C)(C)[C@@H]5CC[C@]43C)[C@@H]12,5.07,1.0
COc1ccc(C(C)(C)c2cnc(SCCOCc3c(F)cccc3F)n2-c2ccc(F)cc2)cc1OC,14.4,1.0
O=C(O)c1cc(O)cc(OCc2ccc3ccccc3n2)c1,20000.0,0.0
CC(C)c1onc(-c2c(Cl)cccc2Cl)c1COc1cccc(C#N)c1,10170.0,0.0
CC(C)c1onc(-c2c(Cl)cccc2Cl)c1COc1ccc(S(C)(=O)=O)cc1,1090.0,0.0
Fc1ccccc1-c1ccncc1CN1C(c2ccco2)=NOC1c1cc(C(F)(F)F)cc(C(F)(F)F)c1,15.0,1.0
COc1ccc(C(C)(C)c2cnc(SCCOCc3ccc(C#N)cc3)n2-c2ccc(F)cc2)cc1OC,2.3,1.0
CC(C)[C@]1(O)C[C@@H]2[C@H](CC[C@]3(C)[C@@H]([C@H](C)CC#N)CC[C@@H]23)[C@@]2(C)CC[C@@H](O)C[C@H]21,2780.0,0.0
CC(C)c1onc(-c2c(Cl)cccc2Cl)c1COc1cccc(C(=O)O)c1,19740.0,0.0
Cc1c(Cl)cccc1OCCCC(=O)N1CCCc2c(-c3cnn(Cc4c(F)cc(C(=O)NCCS(=O)(=O)O)cc4Cl)c3)cccc21,23.0,1.0
CC1(C)[C@H](OC(=O)NC2CC2)CC[C@]2(C)[C@H]3CC[C@@H]4[C@H]5[C@H]([C@@]6(C)CO6)CC[C@]5(C(=O)O)CC[C@@]4(C)[C@]3(C)CC[C@@H]12,18.63,1.0
Cc1noc2cc(Cl)c(Oc3ccncc3C(=O)N3CCN(C4CC4)c4ccccc43)cc12,0.43,1.0
N#Cc1cc(F)ccc1N(C(=O)COc1cccc2cnccc12)c1ccc(F)cc1Cl,7370.0,0.0
CC(=O)c1cc(C(=O)N2CCN(C3CC3)c3ccccc32)ccc1O,2.3,1.0
CCCCCC(O)c1cccc(OCc2ccc3ccccc3n2)c1,2500.0,0.0
Cc1ccc2nc(CNCCCOc3ccccc3)cc(O)c2c1,4.2,1.0
O=C(O)c1cccc(OCc2ccc3ccccc3n2)c1,3000.0,0.0
CCCCCOc1cccc(OCc2ccc3ccccc3n2)c1,1800.0,0.0
OCc1cccc(OCc2ccc3ccccc3n2)c1,7400.0,0.0
CC(C)[C@@H]1CC[C@]2(C(=O)O)CC[C@]3(C)[C@H](CC[C@@H]4[C@@]5(C)CC[C@@H](OC(=O)CO)C(C)(C)[C@@H]5CC[C@]43C)[C@@H]12,26.96,1.0
CNS(=O)(=O)O[C@@H]1CC[C@]2(C)[C@H]3CC[C@@H]4[C@H]5[C@H](C(C)C)CC[C@]5(C(=O)O)CC[C@@]4(C)[C@]3(C)CC[C@H]2C1(C)C,45.37,1.0
O=C(O)c1ccc(OCc2ccc3ccccc3n2)cc1,16500.0,0.0
COc1ccc(S(=O)(=O)N2CCCN(S(=O)(=O)c3ccc(OC)c(OC)c3)CC2)cc1OC,1000.0,0.0
CC(C)[C@@H]1CC[C@]2(C(=O)O)CC[C@]3(C)[C@H](CC[C@@H]4[C@@]5(C)CC[C@@H](OC(=O)NC6CCCC6)C(C)(C)[C@@H]5CC[C@]43C)[C@@H]12,29.19,1.0
CC(C)[C@@H]1CC[C@]2(C(=O)O)CC[C@]3(C)[C@H](CC[C@@H]4[C@@]5(C)CC[C@@H](OC(=O)Nc6ccc(F)cc6)C(C)(C)[C@@H]5CC[C@]43C)[C@@H]12,1506.0,0.0
CCNC(=O)O[C@@H]1CC[C@]2(C)[C@H]3CC[C@@H]4[C@H]5[C@H](C(C)C)CC[C@]5(C(=O)O)CC[C@@]4(C)[C@]3(C)CC[C@H]2C1(C)C,13.04,1.0
CCCOc1cccc(OCc2ccc3ccccc3n2)c1,1000.0,0.0
OCc1cc(O)cc(OCc2ccc3ccccc3n2)c1,23000.0,0.0
O=C(c1ccncc1Oc1cc(Cl)ccc1Cl)N1CCCc2ccccc21,7.0,1.0
O=C(O)CCc1cc(Cl)c(Oc2ncccc2C(=O)N2CCCc3ccccc32)cc1Cl,47.0,1.0
O=C(O)CNC(=O)CCc1cc(Cl)c(Oc2ncccc2C(=O)N2CCCc3ccccc32)cc1Cl,63.0,1.0
O=C(c1cccnc1Oc1cc(Cl)ccc1Cl)N1CCN(C2COC2)c2ccccc21,14.0,1.0
Cc1ccccc1[C@H](C/C(=N/O)c1ccc(=O)n(C)n1)c1ccc(Br)cc1,6.0,1.0
Fc1ccccc1-c1ccncc1CN1C(c2ccco2)=NOC1c1cc(C(F)(F)F)cc(C(F)(F)F)c1Cl,5.6,1.0
CNC(=O)O[C@@H]1CC[C@]2(C)[C@H]3CC[C@@H]4[C@H]5[C@H](C(C)C)CC[C@]5(C(=O)O)CC[C@@]4(C)[C@]3(C)CC[C@H]2C1(C)C,17.81,1.0
C/C(=N\OCc1cc(C(=O)O)ccc1C#N)c1ccc(OCc2c(-c3ccccc3OC(F)(F)F)noc2C2CC2)cc1Cl,36.1,1.0
Cc1cc(NC(=O)c2cc(Cl)c(Oc3ncccc3C(=O)N3CCCc4ccccc43)cc2Cl)sc1C(=O)O,26.0,1.0
O=C(NCCO)c1cc(Cl)c(Oc2ncccc2C(=O)N2CCCc3ccccc32)cc1Cl,68.0,1.0
C/C(=N\OCc1cc(C(=O)O)ccc1C#N)c1ccc(OCc2c(-c3c(Cl)cccc3Cl)noc2C2CC2)cc1Cl,45.2,1.0
C[C@H](c1ccccc1)n1cncc1C(=O)N(C)c1ccc(F)cc1,1.05,1.0
C[C@H](c1ccccc1)n1cncc1C(=O)N1CCN(c2ccccc2F)CC1,1.09,1.0
C[C@H](c1ccccc1)n1cncc1C(=O)N1CCN(C2CC2)c2ccccc21,0.33,1.0
COc1cc(F)ccc1-c1ccncc1N(C)C(=O)c1cc(C(F)(F)F)cc(S(=O)(=O)N2CC3(COC3)C2)c1,9.0,1.0
Fc1cccc(F)c1-c1ccncc1CN1C(c2ccco2)=NO[C@@H]1c1cc(C(F)(F)F)cc(C(F)(F)F)c1Cl,1.4,1.0
Cc1c(Cl)cccc1OCCCC(=O)N1CCC(Cc2cccc(C(=O)NCCS(=O)(=O)O)c2)c2ccccc21,24.0,1.0
COc1ccc(cc1OC)C(C)(C)c1cnc(SCCOc2ccc(cc2)-n2ccnc2)n1-c1ccc(F)cc1,0.057,1.0
Fc1ccccc1-c1ccnc2OCC(=O)N(Cc3cc(cc(c3)C(F)(F)F)C(F)(F)F)Cc12,0.23,1.0
Cc1coc2cc(Cl)c(Oc3ccncc3C(=O)N3CCN(C4CC4)c4ccccc34)cc12,0.28,1.0
N.N.COc1ccc(cc1OC)N(C)c1cnc(SCc2c(F)cc(OCCCN(CCS(O)(=O)=O)CCS(O)(=O)=O)cc2F)n1-c1ccc(F)cc1,0.3,1.0
CC(C)N(Cc1cccnc1)C(=O)c1c(C)nn(C)c1Oc1cccc(Cl)c1Cl,0.3,1.0
Cc1cc(Cl)c(Oc2ccncc2C(=O)N2CCN(C3CC3)c3ccccc23)cc1Cl,0.31,1.0
C[C@H](c1ccccc1)n1cncc1C(=O)N1CCN(C2CC2)c2ccccc12,0.33,1.0
N.COc1ccc(cc1OC)N(C)c1cnc(SCc2c(F)cc(OCCCS(O)(=O)=O)cc2F)n1-c1ccc(F)cc1,0.4,1.0
Cc1noc2cc(Cl)c(Oc3ccncc3C(=O)N3CCN(C4CC4)c4ccccc34)cc12,0.43,1.0
Cc1coc2ccc(Oc3ccncc3C(=O)N3CCN(C4CC4)c4ccccc34)cc12,0.45,1.0
Clc1cc(Cl)c(Oc2ccncc2C(=O)N2CCN(C3CC3)c3ccccc23)cc1Cl,0.46,1.0
COc1cc(ccc1C(O)=O)C1CCN(CC1)c1cc(nc(n1)C(F)(F)F)N1CC[C@H]1C(=O)NCCc1ccc(cc1)C#N,0.5,1.0
COc1ccc(cc1OC)N(C)c1cnc(SCc2c(F)cc(OCCCS([O-])(=O)=O)cc2F)n1-c1ccc(F)cc1,0.5,1.0
FC(F)(F)c1nc(cc(n1)N1CCC[C@H](C1)C(=O)NCCc1ccc(cc1)C#N)N1CCN(CC1)C1COC1,0.5,1.0
Cc1cc(C)c(Oc2ccncc2C(=O)N2CCN(C3CC3)c3ccccc23)cc1C,0.6,1.0
[O-]C(=O)C(F)(F)F.CN(CC[N+](C)(C)C)C(=O)CCc1cc(Cl)c(Oc2ccsc2C(=O)N2CCN(C3CC3)c3ccccc23)cc1Cl,0.71,1.0
Cc1ccc(C)c(Oc2ccncc2C(=O)N2CCN(C3CC3)c3ccccc23)c1,0.72,1.0
CCc1cc(Cl)c(Oc2ccncc2C(=O)N2CCN(C3CC3)c3ccccc23)cc1Cl,0.72,1.0
COc1ccc(cc1OC)N(C)c1cnc(SCc2c(F)cccc2F)n1-c1ccc(F)cc1,0.8,1.0
COc1cc(ccc1F)-n1c(SCc2c(F)cccc2F)ncc1N(C)c1ccc(OC)c(OC)c1,0.8,1.0
COC(=O)c1coc2ccc(Oc3ccncc3C(=O)N3CCN(C4CC4)c4ccccc34)cc12,0.9,1.0
Cc1cc(ccn1)C(\C[C@H](c1ccc(cc1)C1C[C@H]2[C@@H](C1)C2C(O)=O)c1ccc(F)cc1F)=N/O,1.0,1.0
OC(=O)c1ccc(OC2CCN(CC2)c2cc(nc(n2)C(F)(F)F)N2CC[C@H]2C(=O)NCCc2ccc(cc2)C#N)cc1,1.0,1.0
CN1CCN(CC1)c1cc(nc(n1)C(F)(F)F)N1CCC[C@H](C1)C(=O)NCCc1ccc(cc1)C#N,1.0,1.0
OC(=O)[C@H]1CC[C@@H](CC1)c1ccc(cc1)-c1cc(nc(n1)C(F)(F)F)N1CC[C@H]1C(=O)NCCc1ccc(cc1)C#N,1.0,1.0
COc1cccc(c1)-c1noc(C)c1C(=O)N(C)c1ccc(Cl)cc1,1.0,1.0
OCC(CO)(CO)NC(=O)NCCCCCc1cc(Cl)c(CN2CSC[C@H]2C(=O)N2CCN(C3CC3)c3ccccc23)cc1Cl,1.0,1.0
C[C@H](c1ccccc1)n1cncc1C(=O)N1CCN(CC1)c1ccccc1F,1.1,1.0
CC(C)N(Cc1ccc(C)nc1)C(=O)c1c(C)nn(C)c1Oc1cccc(Cl)c1Cl,1.2,1.0
OC[C@@H](O)[C@@H](O)[C@H](O)[C@@H](O)CNC(=O)c1ccc(COc2cc(Cl)c(CN3CSC[C@H]3C(=O)N3CCN(C4CC4)c4ccccc34)cc2Cl)cc1,1.2,1.0
Clc1cc2occc2cc1Oc1ccncc1C(=O)N1CCN(C2CC2)c2ccccc12,1.4,1.0
Fc1cccc(F)c1-c1ccncc1CN1[C@H](ON=C1c1ccco1)c1cc(cc(c1Cl)C(F)(F)F)C(F)(F)F,1.4,1.0
COc1ccc(cc1OC)C(C)(C)c1cnc(SCCOc2ccc(cc2)-n2ccnc2C)n1-c1ccc(F)cc1,1.5,1.0
Clc1ccc(Cl)c(Oc2ccncc2C(=O)N2CCN(C3CC3)c3ccccc23)c1,1.5,1.0
Cc1noc2ccc(Oc3ccncc3C(=O)N3CCN(C4CC4)c4ccccc34)cc12,1.5,1.0
COc1ccc(cc1OC)C(C)(C)c1cnc(SCCOCc2c(F)cccc2Cl)n1-c1ccc(F)cc1,1.6,1.0
CCNc1nc2CCN(Cc2c(n1)C(N)=O)C(=O)CCc1ccc(SC(F)(F)F)cc1,1.6,1.0
CCOC(=O)c1coc2cc(Cl)c(Oc3ccncc3C(=O)N3CCN(C4CC4)c4ccccc34)cc12,1.7,1.0
CC(C)N(Cc1cncs1)C(=O)c1c(C)nn(C)c1Oc1cccc(Cl)c1Cl,1.8,1.0
OC(=O)c1ccc(cc1)-c1ccc(cc1)-c1cc(nc(n1)C(F)(F)F)N1CC[C@H]1C(=O)NCCc1ccc(cc1)C#N,2.0,1.0
CN(C(=O)c1cc(cc(c1)C(F)(F)F)C(F)(F)F)c1cnccc1-c1ccc(F)cc1Cl,56.0,1.0
CN(C(=O)c1cc(Cl)nc(c1)C(F)(F)F)c1cnccc1-c1ccccc1C,56.0,1.0
Cc1cc(ccn1)C(C[C@@H](c1ccc(cc1)-c1ccc(cc1)C(O)=O)c1ccccc1C)N=O,57.0,1.0
COc1cc(F)ccc1-c1ccncc1N(CC#N)C(=O)c1cc(cc(c1)S(C)(=O)=O)C(F)(F)F,57.0,1.0
O=C(N1CCN(C2CC2)c2ccccc12)c1cnccc1Oc1ccc2cccnc2c1,59.0,1.0
COc1cc(F)ccc1-c1ccncc1N(C)C(=O)c1cc(nc(c1)S(C)(=O)=O)C(F)(F)F,59.0,1.0
CN(C(=O)c1cc(cc(c1)C(F)(F)F)C(F)(F)F)c1cnccc1-c1ccc(F)cc1OCC#N,60.0,1.0
Cc1ccnc(n1)N1CCC[C@H](C1)C(=O)NCCc1ccc(Cl)cc1,60.0,1.0
Cc1ccccc1[C@H](CC(N=O)c1ccc(=O)n(C)c1)c1ccc(cc1)-c1ccc(cc1)C(O)=O,60.0,1.0
O=C(N1CCN(C2CC2)c2ccccc12)c1cnccc1Oc1ccc2ncsc2c1,60.0,1.0
FC(F)(F)c1cc(cc(c1)C(F)(F)F)C(NCc1cnccc1-c1ccccc1)C#N,61.0,1.0
CO[C@@H]1C[C@@H]2C[C@H](O)CC[C@]2(C)[C@H]2CC[C@]3(C)[C@H](CC[C@H]3[C@H]12)[C@H](C)CCC(=O)N(C)C[C@H](O)[C@@H](O)[C@H](O)[C@H](O)CO,62.0,1.0
Fc1cccc(F)c1-c1ccncc1CNS(=O)(=O)c1cc(cc(c1)C(F)(F)F)C(F)(F)F,62.0,1.0
Cc1c(oc2cc(Cl)c(Oc3ccncc3C(=O)N3CCN(C4CC4)c4ccccc34)cc12)C(O)=O,63.0,1.0
FC(F)(F)c1nc(cc(n1)N1CCC[C@H](C1)C(=O)NCCc1ccc(nc1)C#N)N1CCNCC1,63.0,1.0
F[C@@H]1C[C@H](N(Cc2cc(Cl)ccc2Cl)C1)C(=O)N1CCN(C2CC2)c2ccccc12,63.0,1.0
NCCCCCc1cc(Cl)c(CN2CSC[C@H]2C(=O)N2CCN(C3CC3)c3ccccc23)cc1Cl,63.0,1.0
FC(F)(F)c1ccc(Cl)cc1CN1CSC[C@H]1C(=O)N1CCN(C2CC2)c2ccccc12,63.0,1.0
CN(C[C@H](O)[C@@H](O)[C@H](O)[C@H](O)CO)C(=O)NCCCCc1cc(Cl)c(CN2CSC[C@H]2C(=O)N2CCN(C3CC3)c3ccccc23)cc1Cl,63.0,1.0
Cc1nc(ncc1F)N1CCC[C@H](C1)C(=O)NCCc1ccc(cc1)C#N,63.0,1.0
OC(=O)CNC(=O)CCc1cc(Cl)c(Oc2ncccc2C(=O)N2CCCc3ccccc23)cc1Cl,63.0,1.0
Fc1ccccc1-c1ccncc1CNS(=O)(=O)c1cc(cc(c1)C(F)(F)F)C(F)(F)F,63.0,1.0
CN(C[C@H](O)[C@@H](O)[C@@H](O)[C@H](O)CO)C(=O)CCc1cc(Cl)c(CN2CSC[C@H]2C(=O)N2CCN(C3CC3)c3ccccc23)cc1Cl,63.0,1.0
CN(C(=O)c1c(C)onc1-c1ccccc1Cl)c1ccc(Cl)c(C)c1,63.1,1.0
CCc1onc(c1C(=O)N(C)c1ccc(Cl)cc1)-c1ccccc1,63.1,1.0
O=C(N1CCN(C2CC2)c2ccccc12)c1cnccc1Oc1ccc2ncccc2c1,64.0,1.0
CN(C(=O)c1cc(cc(c1)S(C)(=O)=O)C(F)(F)F)c1cnccc1-c1ccccc1OC1COC1,64.0,1.0
COC(=O)CN(C(=O)c1cc(cc(c1)C(F)(F)F)C(F)(F)F)c1cnccc1-c1ccccc1Cl,66.0,1.0
OCCN(C(=O)c1cc(cc(c1)C(F)(F)F)C(F)(F)F)c1cnccc1-c1ccccc1Cl,66.0,1.0
Cc1c(Br)oc2cc(Cl)c(Oc3ccncc3C(=O)N3CCN(C4CC4)c4ccccc34)cc12,66.0,1.0
O=C(N1CCN(C2CC2)c2ccccc12)c1cnccc1Oc1cccc2ccccc12,66.0,1.0
Clc1ccc(Cl)c(Oc2ccncc2C(=O)N2CCN(CC=C)c3ccccc23)c1,66.0,1.0
OCCNC(=O)c1cc(Cl)c(Oc2ncccc2C(=O)N2CCCc3ccccc23)cc1Cl,68.0,1.0
COc1nc(C)ccc1-c1ccncc1N(C)C(=O)c1cc(cc(c1)C(F)(F)F)C(F)(F)F,68.0,1.0
COc1ccc(cc1OC)N(C)c1cnc(SCc2ccccc2)n1-c1ccc(F)cc1,68.0,1.0
CC(C)(c1cnc(SCCOCc2ccc(cc2)C#N)n1-c1ccc(F)cc1)c1ccc(Cl)c(Cl)c1,68.0,1.0
COCCOCCOCCOCCOCCOCCOCCOCCOCCOCCOCCOCCOCCOCCOCCOCCOCCOCCOCCOCCOCCOCCOCCOCCOCCOCCOCCOCCOCCOCCOCCOCCOCCOCCOCCOCCOCCOc1cc(F)c(CSc2ncc(N(C)c3ccc(OC)c(OC)c3)n2-c2ccc(F)cc2)c(F)c1,68.0,1.0
COc1cc(F)ccc1-c1ccncc1N(C)C(=O)c1cc(cc(c1)S(=O)(=O)C1CN(C1)S(C)(=O)=O)C(F)(F)F,69.0,1.0
CC(C)N1CCN(C(=O)c2cnccc2Oc2cc(Cl)ccc2Cl)c2ccccc12,69.0,1.0
COc1cc(F)c(F)cc1-c1ccncc1N(CC(F)(F)F)C(=O)c1cc(nc(c1)C(F)(F)F)C(F)(F)F,69.0,1.0
CCNS(=O)(=O)O[C@@H]1CC[C@@]2(C)[C@@H](CC[C@]3(C)[C@@H]2CC[C@@H]2[C@H]4[C@@H](CC[C@@]4(CC[C@@]32C)C(O)=O)C(C)C)C1(C)C,69.0,1.0
CN(C(=O)c1cc(C)cc(c1)C(F)(F)F)c1cnccc1-c1ccccc1C,70.0,1.0
COC(=O)CN(C(=O)c1cc(cc(c1)C(F)(F)F)C(F)(F)F)c1cnccc1-c1cc(F)c(F)cc1OC,70.0,1.0
CN1CCN(CC1)c1cc(nc(n1)N1CCC[C@H](C1)C(=O)NCCc1ccc(cc1)C#N)C(F)(F)F,2.0,1.0
OC(=O)Cc1ccc(OC2CCN(CC2)c2cc(nc(n2)C(F)(F)F)N2CC[C@H]2C(=O)NCCc2ccc(cc2)C#N)cc1,2.0,1.0
OC(=O)CNC(=O)CNC(=O)CNC(=O)CCCCc1cc(Cl)c(CN2CSC[C@H]2C(=O)N2CCN(C3CC3)c3ccccc23)cc1Cl,2.0,1.0
OC(=O)Cc1ccc(OC2CCN(CC2)c2cc(nc(n2)C(F)(F)F)N2CCC[C@H](C2)C(=O)NCCc2ccc(cc2)C#N)cc1,2.0,1.0
CN(C[C@H](O)[C@@H](O)[C@H](O)[C@H](O)CO)C(=O)CCCCc1cc(Cl)c(CN2CSC[C@H]2C(=O)N2CCN(C3CC3)c3ccccc23)cc1Cl,2.0,1.0
CN1CCN(CC1)c1cc(nc(n1)C(F)(F)F)N1CC[C@H]1C(=O)NCCc1ccc(cc1)C#N,2.0,1.0
COc1ccc(cc1OC)N(C)c1cnc(SCc2c(F)cccc2F)n1-c1ccc(F)c(Cl)c1,2.0,1.0
OC[C@@H](O)[C@@H](O)[C@H](O)[C@@H](O)CNC(=O)NCCCCc1cc(Cl)c(CN2CSC[C@H]2C(=O)N2CCN(C3CC3)c3ccccc23)cc1Cl,2.0,1.0
OC(=O)CNC(=O)[C@H](CSSC[C@H](NC(=O)CCC(NC(=O)CCCCc1cc(Cl)c(CN2CSC[C@H]2C(=O)N2CCN(C3CC3)c3ccccc23)cc1Cl)C(O)=O)C(=O)NCC(O)=O)NC(=O)CCC(NC(=O)CCCCc1cc(Cl)c(CN2CSC[C@H]2C(=O)N2CCN(C3CC3)c3ccccc23)cc1Cl)C(O)=O,2.0,1.0
CC(=O)c1cc(ccc1O)C(=O)N1CCN(C2CC2)c2ccccc12,2.3,1.0
COc1ccc(cc1OC)C(C)(C)c1cnc(SCCOCc2ccc(cc2)C#N)n1-c1ccc(F)cc1,2.3,1.0
COc1ccc(cc1OC)C(C)(C)c1cnc(SCCOc2ccc(cc2)C#N)n1-c1ccc(F)cc1,2.3,1.0
OP(O)(=O)CN1CCN(CC1)C(=O)NCCCCCc1cc(Cl)c(CN2CSC[C@H]2C(=O)N2CCN(C3CC3)c3ccccc23)cc1Cl,2.5,1.0
CCOC(=O)c1coc2ccc(Oc3ccncc3C(=O)N3CCN(C4CC4)c4ccccc34)cc12,2.8,1.0
NC(=O)c1nc(nc2CCN(Cc12)C(=O)CCc1ccc(OC(F)(F)F)cc1)C1CC1,2.8,1.0
Clc1ccc(Cl)c(Oc2ccncc2C(=O)N2CCN(C3CCC3)c3ccccc23)c1,2.8,1.0
Clc1ccc(Cl)c(Oc2ncncc2C(=O)N2CCN(C3CC3)c3ccccc23)c1,2.9,1.0
CN1CCN(CC1)c1cc(nc(n1)C(F)(F)F)N1CCC[C@H](C1)C(=O)NCCc1ccc(nc1)C#N,3.0,1.0
CCN1CCN(C(=O)c2cnccc2Oc2cc(Cl)ccc2Cl)c2ccccc12,3.1,1.0
OC[C@@H](O)[C@@H](O)[C@H](O)[C@@H](O)CNC(=O)CCCCc1cc(Cl)c(CN2CSC[C@H]2C(=O)N2CCN(C3CC3)c3ccccc23)cc1Cl,3.2,1.0
CN1CCN(C(=O)c2cncnc2Oc2cc(Cl)ccc2Cl)c2ccccc12,3.5,1.0
CN1CCN(C(=O)c2cnc(O)nc2Oc2cc(Cl)ccc2Cl)c2ccccc12,3.9,1.0
CN(C(=O)c1c(onc1-c1ccccc1Cl)C1CC1)c1ccc(Cl)cc1,3.98,1.0
CCc1onc(c1C(=O)N(C)c1ccc(Cl)cc1)-c1ccccc1Cl,3.98,1.0
CC1(CCN(CC1)c1cc(nc(n1)C(F)(F)F)N1CCC[C@H](C1)C(=O)NCCc1ccc(cc1)C#N)C(O)=O,4.0,1.0
CCN1CCN(CC1)c1cc(nc(n1)C(F)(F)F)N1CC[C@H]1C(=O)NCCc1ccc(nc1)C#N,4.0,1.0
C[C@@H](NC(=O)[C@@H](C)NC(=O)[C@@H](C)NC(=O)CCCCc1cc(Cl)c(CN2CSC[C@H]2C(=O)N2CCN(C3CC3)c3ccccc23)cc1Cl)C(O)=O,4.0,1.0
CCc1ccc(cc1)N(C)C(=O)c1c(C)onc1-c1ccccc1Cl,1000.0,0.0
C[C@H](CCCS(O)(=O)=O)[C@H]1CC[C@H]2[C@@H]3[C@H](O)C[C@@H]4C[C@H](O)CC[C@]4(C)[C@H]3C[C@H](O)[C@]12C,1000.0,0.0
CN(C(=O)c1c(C)onc1-c1ccc(C)cc1)c1ccc(Cl)cc1,1000.0,0.0
C[C@]1(CCCN1Cc1cc(Cl)ccc1Cl)C(=O)N1CCN(C2CC2)c2ccccc12,1000.0,0.0
CC[C@@H]1[C@H](O)[C@H]2[C@@H]3CC[C@H]([C@H](C)CCCO)[C@@]3(C)CC[C@@H]2[C@@]2(C)CC[C@@H](O)C[C@@H]12,1030.0,0.0
CC(=C)[C@@H]1CC[C@@]2(CC[C@]3(C)[C@H](CC[C@@H]4[C@@]5(C)CC[C@H](O)C(C)(C)[C@@H]5CC[C@@]34C)[C@@H]12)C(O)=O,1040.0,0.0
COc1ccc(c(C)c1)-c1ccncc1N(C)C(=O)c1cc(cc(c1)C(F)(F)F)C(F)(F)F,1048.0,0.0
C[C@H](C[C@H](C)C(O)=O)[C@H]1CC[C@H]2[C@@H]3[C@@H](O)C[C@@H]4C[C@H](O)CC[C@]4(C)[C@H]3CC[C@]12C,1050.0,0.0
CN(C(=O)c1cccc(c1F)C(F)(F)F)c1cnccc1-c1ccccc1C,1051.0,0.0
Fc1ccccc1-c1ccncc1CN(C(=O)c1ccsc1)S(=O)(=O)c1cc(cc(c1)C(F)(F)F)C(F)(F)F,1090.0,0.0
COc1cc(ccc1F)C1(C)CCCc2nc(SCc3c(F)cc(OCCOCCOCCN(C)C)cc3F)n(c12)-c1ccc(F)cc1,1090.0,0.0
CC(Oc1cc(F)ccc1-c1ccncc1N(C)C(=O)c1cc(cc(c1)C(F)(F)F)C(F)(F)F)C#N,1098.0,0.0
CN(C(=O)c1cc(cc(c1)S(C)(=O)=O)C(F)(F)F)c1cnc(C)cc1-c1ccccc1OC1COC1,1111.0,0.0
COc1cc(F)ccc1-c1ccncc1N(C)C(=O)c1cc(OCCO)cc(c1)C(F)(F)F,1148.0,0.0
CS(=O)(=O)c1cc(cc(c1)C(F)(F)F)C(=O)N(CCO)c1cnccc1-c1ccccc1F,1150.0,0.0
C[C@H](CCC(=O)NCC(O)=O)[C@H]1CC[C@H]2[C@@H]3CC[C@@H]4C[C@H](O)CC[C@]4(C)[C@H]3C[C@H](O)[C@]12C,1180.0,0.0
Cc1ccccc1-c1ccncc1N(C1COC1)C(=O)c1cc(cc(c1)C(F)(F)F)C(F)(F)F,1202.0,0.0
O=C(N1CCN(C2CC2)c2ccccc12)c1cnccc1Oc1ccc2[nH]ccc2c1,1216.0,0.0
CN(C(=O)c1cc(cc(c1)S(C)(=O)=O)C(F)(F)F)c1cnccc1-c1cccnc1Cl,1225.0,0.0
CN(C(=O)c1cc(F)cc(F)c1)c1cnccc1-c1ccccc1C,1227.0,0.0
CN(C(=O)c1cc(SC2CNC2)cc(c1)C(F)(F)F)c1cnccc1-c1ccc(F)cc1OC(F)(F)F,1228.0,0.0
CCC(N(Cc1cnccc1-c1ccccc1)C(=O)c1ccco1)c1cc(cc(c1)C(F)(F)F)C(F)(F)F,1230.0,0.0
CC(CCC(O)=O)[C@H]1CC[C@H]2[C@@H]3CC[C@@H]4C[C@@H](O)CC[C@]4(C)[C@H]3CC[C@]12C,1250.0,0.0
C[C@H](CCC(O)=O)[C@H]1CC[C@H]2[C@@H]3CC[C@@H]4C[C@H](O)CC[C@]4(C)[C@H]3C[C@H](O)[C@]12C,1250.0,0.0
CN(C(=O)c1c(C)onc1-c1ccc(cc1)C(F)(F)F)c1ccc(Cl)cc1,1258.93,0.0
CC(C)c1ccc(cc1)N(C)C(=O)c1c(C)onc1-c1ccccc1Cl,1258.93,0.0
COc1cccc(c1)N(C)C(=O)c1c(C)onc1-c1ccccc1Cl,1258.93,0.0
CN(C(=O)c1c(C)onc1-c1ccccc1Cl)c1cccc(C)c1,1258.93,0.0
Clc1ccc(Cl)c(CN2CCC[C@@H]2C(=O)N2CCN(C3CC3)c3ccccc23)c1,1259.0,0.0
CCC(=O)N(Cc1cc(cc(c1)C(F)(F)F)C(F)(F)F)Cc1cnccc1-c1ccccc1,1270.0,0.0
Cc1oc(=O)oc1COC(=O)c1coc2ccc(Oc3ccncc3C(=O)N3CCN(C4CC4)c4ccccc34)cc12,1287.0,0.0
CCn1c2nnc(SCc3ccc(cc3)C(F)(F)F)n2c2ccccc2c1=O,1310.0,0.0
CC[C@H]1[C@@H](O)[C@H]2[C@@H]3CC[C@H]([C@H](C)CCN)[C@@]3(C)CC[C@@H]2[C@@]2(C)CC[C@@H](O)C[C@@H]12,1320.0,0.0
C[C@H]([C@@H]1C[C@@H]1C(O)=O)[C@H]1CC[C@H]2[C@@H]3[C@H](O)C[C@@H]4C[C@H](O)CC[C@]4(C)[C@H]3CC[C@]12C,1330.0,0.0
COc1cc(F)c(F)cc1-c1ccncc1N(CC(F)(F)F)C(=O)c1cc(F)cc(c1)C(F)(F)F,1332.0,0.0
CN(C(=O)c1cc(cc(c1)C(F)(F)F)C(F)(F)F)c1cnc(Cl)cc1-c1cc(F)ncc1Cl,1332.0,0.0
CS(=O)(=O)c1cc(cc(c1)C(F)(F)F)C(=O)N(CC(N)=O)c1cnccc1-c1ccccc1Cl,1335.0,0.0
COc1cc(ccc1Cl)C1CCCc2nc(SCc3c(F)cccc3Cl)n(c12)-c1ccc(F)cc1F,1340.0,0.0
OC(=O)Cc1coc2cc(Cl)c(Oc3ccncc3C(=O)N3CCN(C4CC4)c4ccccc34)cc12,1358.0,0.0
CO[C@@H]1CC[C@@]2(C)[C@@H](C1)C[C@@H](O)[C@H]1[C@@H]3CC[C@H]([C@H](C)CCC#N)[C@@]3(C)CC[C@H]21,1380.0,0.0
CN(C(=O)c1cc(O)cc(c1)C(F)(F)F)c1cnccc1-c1ccccc1Cl,1381.0,0.0
Cc1nn(C)c(Oc2cccc(Cl)c2Cl)c1C(=O)N1CCCCC1c1ccccc1C,1400.0,0.0
CCOC(=O)CNC(=O)c1coc2cc(Cl)c(cc12)C(=O)Oc1ccncc1C(=O)N1CCN(C2CC2)c2ccccc12,1405.0,0.0
CCc1nnn(c1C(=O)N(C)c1ccc(Cl)cc1)-c1ccccc1,1420.0,0.0
C[C@@H]1CC[C@@]2(CC[C@]3(C)C(=CC[C@@H]4[C@@]5(C)CC[C@H](O)C(C)(C)[C@@H]5CC[C@@]34C)[C@@H]2[C@H]1C)C(O)=O,1430.0,0.0
CN(C(=O)c1cc(cc(c1)C(F)(F)F)C(F)(F)F)c1cnccc1-c1sc(C)nc1C,1470.0,0.0
CS(=O)(=O)CCN(C(=O)c1cc(cc(c1)S(C)(=O)=O)C(F)(F)F)c1cnccc1-c1ccccc1Cl,1479.0,0.0
FC(F)(F)c1cc(cc(c1)C(F)(F)F)C(=O)N(CCNC(=O)OCc1ccccc1)c1cnccc1-c1ccccc1Cl,1488.0,0.0
CC[C@H]1[C@H](O)[C@H]2[C@@H]3CC[C@H]([C@H](C)CCC(O)=O)[C@@]3(C)CC[C@@H]2[C@@]2(C)CC[C@@H](O)C[C@@H]12,1490.0,0.0
COc1cc(F)ccc1-c1ccncc1N(CC1CCOC1)C(=O)c1cc(cc(c1)S(C)(=O)=O)C(F)(F)F,1496.0,0.0
Cn1cc(C(O)=O)c2ccc(cc12)N1CCC(CC1)OCc1c(onc1-c1c(Cl)cccc1Cl)C1CC1,1497.0,0.0
CC(C)[C@@H]1CC[C@@]2(CC[C@]3(C)[C@H](CC[C@@H]4[C@@]5(C)CC[C@@H](OC(=O)Nc6ccc(F)cc6)C(C)(C)[C@@H]5CC[C@@]34C)[C@@H]12)C(O)=O,1506.0,0.0
COc1ccc(cc1Cl)C1CCCc2nc(SCc3c(F)cccc3Cl)n(c12)-c1ccc(F)cc1,1510.0,0.0
CN(C(=O)c1cc(cc(c1)C(F)(F)F)C(F)(F)F)c1cnccc1-c1cccc(Cl)n1,1535.0,0.0
Clc1ccc(Cl)c(CN2CCCC[C@H]2C(=O)N2CCN(C3CC3)c3ccccc23)c1,1585.0,0.0
CN(C(=O)c1cc(cc(c1)C(F)(F)F)C(F)(F)F)c1cnccc1-c1ccc(Cl)cc1C,1618.0,0.0
CN(C(=O)c1cc(F)c(F)c(F)c1)c1cnccc1-c1ccccc1C,1641.0,0.0
COc1ncccc1-c1ccncc1N(CC(F)(F)F)C(=O)c1cc(F)cc(c1)C(F)(F)F,1663.0,0.0
CN(C(=O)c1cc(N)cc(c1)C(F)(F)F)c1cnccc1-c1ccccc1C,1695.0,0.0
COc1cc(F)ccc1-c1ccncc1N(C[C@H]1CCCCO1)C(=O)c1cc(cc(c1)S(C)(=O)=O)C(F)(F)F,1739.0,0.0
CC(=C)[C@@H]1CC[C@@]2(CC[C@]3(C)[C@H](CC[C@@H]4[C@@]5(C)CCC(N=O)C(C)(C)[C@@H]5CC[C@@]34C)[C@@H]12)C(O)=O,1750.0,0.0
O=C(N1CCN(C2CC2)c2ccccc12)c1cncn1Cc1ccccc1,1751.0,0.0
CC[C@H]1[C@@H](O)[C@H]2[C@@H]3CC[C@H]([C@H](C)CCc4nn[nH]n4)[C@@]3(C)CC[C@@H]2[C@@]2(C)CC[C@@H](O)C[C@@H]12,1770.0,0.0
CN(C(=O)c1cc(cc(c1)C(F)(F)F)C(F)(F)F)c1cnccc1C1=CCOCC1,1783.0,0.0
CN(C(=O)c1cc(cc(c1)C(F)(F)F)C(F)(F)F)c1cnc(Cl)cc1-c1ncccc1Cl,1834.0,0.0
CN(C(=O)c1cc(cc(c1)S(C)(=O)=O)C(F)(F)F)c1cnccc1-c1ccccc1OCc1ccccc1,1864.0,0.0
CN(C(=O)c1cc(cc(c1)S(C)(=O)=O)C(F)(F)F)c1cnc(C)cc1-c1ccccc1OCC1COC1,1885.0,0.0
CO[C@@H]1CC[C@@]2(C)[C@H](C[C@@H](O)[C@H]3[C@@H]4CC[C@H]([C@H](C)CCC(=O)N5CCCC5)[C@@]4(C)CC[C@H]23)C1,1900.0,0.0
CN(C(=O)c1cc(C)cc(C)n1)c1cnccc1-c1ccccc1C,1920.0,0.0
C[C@H](CCC(=O)NCCS(O)(=O)=O)[C@H]1CC[C@H]2[C@@H]3[C@H](O)C[C@@H]4C[C@H](O)CC[C@]4(C)[C@H]3CC[C@]12C,1920.0,0.0
COc1ccc(cc1OC)N(C)c1c(CCC(O)=O)nc(SCc2c(F)cccc2F)n1-c1ccc(F)cc1,1935.0,0.0
CN(C(=O)c1cc(CO)cc(c1)C(F)(F)F)c1cnccc1-c1ccccc1Cl,1964.0,0.0
COc1cc(c(OC)nn1)-c1ccncc1N(C)C(=O)c1cc(cc(c1)C(F)(F)F)C(F)(F)F,1966.0,0.0
FC(F)(F)c1cc(cc(c1)C(F)(F)F)C(=O)N(C1CC1)c1cnccc1-c1ccccc1Cl,1976.0,0.0
CCc1cc(c(cn1)N(C)C(=O)c1cc(cc(c1)C(F)(F)F)C(F)(F)F)-c1ccccc1C,1980.0,0.0
Clc1ccc(Cl)c(CN2CCCC[C@@H]2C(=O)N2CCN(C3CC3)c3ccccc23)c1,1995.0,0.0
CN(C(=O)c1c(C)onc1-c1ccccc1Cl)c1ccccc1Cl,1995.26,0.0
CN(C(=O)c1cc(cc(c1)C(F)(F)F)C(F)(F)F)c1cnc(cc1-c1ccccc1C)-c1ccc[nH]1,2012.0,0.0
CN(C(=O)c1cc(cc(c1)C(F)(F)F)C(F)(F)F)c1cnccc1-c1cc(ccc1C)C(O)=O,2017.0,0.0
CN(C(=O)c1cc(cc(c1)C(F)(F)F)C(F)(F)F)c1cnccc1-c1ccc(F)cc1OCc1ccccc1,2054.0,0.0
COc1ccc(SCc2cnc(SCc3c(F)cc(cc3F)-c3nn[nH]n3)n2-c2ccc(F)cc2)cc1OC,2060.0,0.0
CC(=C)[C@@H]1CC[C@@]2(CC[C@]3(C)[C@H](CC[C@@H]4[C@@]5(C)CC[C@](O)(CC=C)C(C)(C)[C@@H]5CC[C@@]34C)[C@@H]12)C(O)=O,2080.0,0.0
Fc1ccccc1-c1ccncc1CN(Cc1ccccc1)S(=O)(=O)c1cc(cc(c1)C(F)(F)F)C(F)(F)F,2100.0,0.0
CN(C(=O)c1ccc(c(F)c1)C(F)(F)F)c1cnccc1-c1ccccc1C,2159.0,0.0
Cc1ccc(CCNC(=O)[C@@H]2CCCN(C2)c2ncccn2)cc1,2170.0,0.0
CC(C)[C@@H]1CC[C@@]2(CC[C@]3(C)[C@H](CC[C@@H]4[C@@]5(C)CC[C@H](O)C(C)(C)[C@@H]5CC[C@@]34C)[C@@H]12)C(O)=O,2170.0,0.0
COc1cc(F)ccc1-c1ccncc1N(Cc1ncc(C)o1)C(=O)c1cc(cc(c1)S(C)(=O)=O)C(F)(F)F,2202.0,0.0
CC1(C)CC[C@@]2(CC[C@]3(C)C(=CC[C@@H]4[C@@]5(C)CC[C@H](O)C(C)(C)[C@@H]5CC[C@@]34C)[C@@H]2C1)C(O)=O,2250.0,0.0
C[C@H](CC#N)[C@H]1CC[C@H]2[C@@H]3C[C@@](O)(C=C)[C@@H]4C[C@H](O)CC[C@]4(C)[C@H]3CC[C@]12C,2260.0,0.0
CN(C(=O)c1cc(cc(c1)C(F)(F)F)C(F)(F)F)c1cnccc1-c1ccccc1CCO,2264.0,0.0
C[C@H](CCC(O)=O)[C@H]1CC[C@H]2[C@@H]3[C@@H](F)C[C@@H]4C[C@H](O)CC[C@]4(C)[C@H]3CC[C@]12C,2290.0,0.0
[Cl-].COc1ccc(SCc2cnc(SCc3c(F)cc(cc3F)C(=O)NCC[N+](C)(C)C)n2-c2ccc(F)cc2)cc1OC,2300.0,0.0
C[C@H](CCC(=O)NCCS(O)(=O)=O)[C@H]1CC[C@H]2[C@@H]3[C@@H](C)C[C@@H]4CCCC[C@]4(C)[C@H]3CC[C@]12C,2360.0,0.0
C[C@H](CCC(O)=O)[C@H]1CC[C@H]2[C@@H]3[C@@H](O)C[C@@H]4C[C@H](O)CC[C@]4(C)[C@H]3CC[C@]12C,2390.0,0.0
CN(C(=O)c1cc(cc(c1)C(F)(F)F)N1CCCC1=O)c1cnccc1-c1ccccc1C,2405.0,0.0
CN(C(=O)c1cc(cc(c1)S(C)(=O)=O)C(F)(F)F)c1cnc(C)cc1-c1cc(F)ccc1C,2411.0,0.0
COc1cc(F)ccc1-c1cc(C)ncc1N(C)C(=O)c1cc(SCCCCC(O)=O)cc(c1)C(F)(F)F,2417.0,0.0
CN(C(=O)c1cc(Cl)cc(C)n1)c1cnccc1-c1ccccc1C,2433.0,0.0
C[C@]12CC[C@H]3[C@@H](CC[C@@H]4C[C@H](O)CC[C@]34C)[C@@H]1CC[C@@H]2O,2440.0,0.0
COc1cc(F)ccc1-c1ccncc1N(Cc1nc(C)co1)C(=O)c1cc(cc(c1)S(C)(=O)=O)C(F)(F)F,2463.0,0.0
CN(C)C(=O)CN(C(=O)c1cc(cc(c1)C(F)(F)F)C(F)(F)F)c1cnccc1-c1ccccc1Cl,2471.0,0.0
CN(C(=O)c1c(C)onc1-c1ccccc1Cl)c1ccccc1F,2511.89,0.0
COc1ccccc1N(C)C(=O)c1c(C)onc1-c1ccccc1Cl,2511.89,0.0
CN(C(=O)c1c(C)onc1-c1ccccc1Cl)c1ccc(Cl)cc1Cl,2511.89,0.0
Clc1ccc(Cl)c(CN2CCC[C@H]2C(=O)N2CCCc3ccccc23)c1,2512.0,0.0
Clc1ccc(Cl)c(Oc2ncccc2C(=O)N2CCCc3ccccc23)c1,2560.0,0.0
OC(=O)c1coc2ccc(Oc3ccncc3C(=O)N3CCN(C4CC4)c4ccccc34)cc12,2577.0,0.0
C[C@]12CC[C@H]3[C@@H](CC[C@@H]4C[C@@H](O)CC[C@]34C)[C@@H]1CCC2=O,2620.0,0.0
CC[C@H]1C[C@@H]2CCCC[C@]2(C)[C@H]2CC[C@]3(C)[C@H](CC[C@H]3[C@H]12)[C@H](C)CCC(O)=O,2630.0,0.0
CN(C(=O)c1cc(cc(c1)S(C)(=O)=O)C(F)(F)F)c1cnccc1-c1cccnc1OC1CN(C1)C(=O)OC(C)(C)C,2722.0,0.0
COc1cccc(c1OC)-c1ccncc1N(C)C(=O)c1cc(cc(c1)C(F)(F)F)C(F)(F)F,2723.0,0.0
CN(C(=O)c1ccc(cc1)C(F)(F)F)c1cnccc1-c1ccccc1C,2740.0,0.0
CC(C)[C@]1(O)C[C@H]2[C@@H]3CC[C@H]([C@H](C)CC#N)[C@@]3(C)CC[C@@H]2[C@@]2(C)CC[C@@H](O)C[C@@H]12,2780.0,0.0
COc1cccc(c1)C1CCCc2nc(SCc3c(F)cccc3Cl)n(c12)-c1ccc(F)cc1,2780.0,0.0
C[C@H](C[C@H](C)C(O)=O)[C@H]1CC[C@H]2[C@@H]3[C@H](O)C[C@@H]4C[C@H](O)CC[C@]4(C)[C@H]3CC[C@]12C,2830.0,0.0
COc1cc(F)ccc1-c1ccncc1N(C[C@@H]1CCCCO1)C(=O)c1cc(cc(c1)S(C)(=O)=O)C(F)(F)F,2842.0,0.0
COc1ccc(F)c(c1F)-c1ccncc1N(C)C(=O)c1cc(cc(c1)S(C)(=O)=O)C(F)(F)F,2900.0,0.0
C[C@H]([C@@H]1C[C@H]1C(O)=O)[C@H]1CC[C@H]2[C@@H]3[C@H](O)C[C@@H]4C[C@H](O)CC[C@]4(C)[C@H]3CC[C@]12C,2910.0,0.0
Fc1ccc(cc1)-n1c(SCc2c(F)cccc2Cl)nc2CCCC(c12)c1ccc2OCCOc2c1,2930.0,0.0
COc1ccc(cn1)-c1ccncc1N(C)C(=O)c1cc(cc(c1)C(F)(F)F)C(F)(F)F,2937.0,0.0
COc1ncccc1-c1ccncc1N(CC(N)=O)C(=O)c1cc(cc(c1)S(C)(=O)=O)C(F)(F)F,2952.0,0.0
CN(C(=O)c1cc(cc(c1)C(F)(F)F)C(F)(F)F)c1cnccc1-c1c(C)nn(C)c1C,2955.0,0.0
COc1cc(F)ccc1-c1ccncc1N(Cc1nccn1C)C(=O)c1cc(cc(c1)S(C)(=O)=O)C(F)(F)F,2963.0,0.0
CCNc1nc2CCN(Cc2c(n1)C(N)=O)C(=O)CCc1ccc(nc1)C(C)(F)F,2990.0,0.0
OC(=O)c1cccc(OCc2ccc3ccccc3n2)c1,3000.0,0.0
CS(=O)(=O)c1cc(cc(c1)C(F)(F)F)C(=O)N(CC(N)=O)c1cnccc1-c1ccccc1F,3030.0,0.0
CN(C(=O)c1cc(cc(c1)S(C)(=O)=O)C(F)(F)F)c1cnc(Cl)cc1-c1cc(F)ccc1C,3042.0,0.0
CO[C@@H]1CC[C@@]2(C)[C@@H](C1)C[C@@H](O)[C@H]1[C@@H]3CC[C@H]([C@H](C)CCc4nn[nH]n4)[C@@]3(C)CC[C@H]21,3070.0,0.0
CC(=O)[C@@H]1CC[C@@]2(CC[C@]3(C)[C@H](CC[C@@H]4[C@@]5(C)CC[C@H](O)C(C)(C)[C@@H]5CC[C@@]34C)[C@@H]12)C(O)=O,3110.0,0.0
CN(C(=O)c1cc(NCCO)cc(c1)C(F)(F)F)c1cnccc1-c1ccccc1C,3126.0,0.0
Cc1onc(c1C(=O)Nc1ccc(Cl)cc1)-c1ccccc1Cl,3162.28,0.0
Cc1onc(c1C(=O)N(C1CC1)c1ccc(Cl)cc1)-c1ccccc1Cl,3162.28,0.0
Cc1onc(c1C(=O)N1CCc2cc(Cl)ccc12)-c1ccccc1Cl,3162.28,0.0
CC(=C)[C@@H]1CC[C@@]2(CC[C@]3(C)[C@H](CC[C@@H]4[C@@]5(C)CCC(=NOC(=O)c6ccccc6)C(C)(C)[C@@H]5CC[C@@]34C)[C@@H]12)C(O)=O,3170.0,0.0
C[C@]12CC[C@H]3[C@@H](CC[C@H]4C[C@@H](O)CC[C@]34C)[C@@H]1CCC2=O,3200.0,0.0
OC(=O)CCNC(=O)CCc1cc(Cl)c(Oc2ccncc2C(=O)N2CCN(C3CC3)c3ccccc23)cc1Cl,3300.0,0.0
CC(CO)[C@@H]1CC[C@@]2(CC[C@]3(C)[C@H](CC[C@@H]4[C@@]5(C)CC[C@H](O)C(C)(C)[C@@H]5CC[C@@]34C)[C@@H]12)C(O)=O,3320.0,0.0
C[C@]12CC[C@H]3[C@@H](CC=C4C[C@@H](O)CC[C@]34C)[C@@H]1CCC2=O,3330.0,0.0
CS(=O)(=O)c1cc(cc(c1)C(F)(F)F)C(=O)N(CC(N)=O)c1cnccc1-c1ccccc1OC(F)(F)F,3336.0,0.0
CN(C(=O)c1cc(cc(c1)S(C)(=O)=O)C(F)(F)F)c1cnccc1-c1ccc(F)cc1OCc1ccccc1,3460.0,0.0
COc1cc(F)ccc1-c1ccncc1N(Cc1cc(C)on1)C(=O)c1cc(cc(c1)S(C)(=O)=O)C(F)(F)F,3500.0,0.0
CN1CCN(CC1)c1cc(nc(n1)C(F)(F)F)N1CC[C@@H]1C(=O)NCCc1ccc(cc1)C#N,3540.0,0.0
CC(C)C(=O)ON=C1CC[C@@]2(C)[C@@H](CC[C@]3(C)[C@@H]2CC[C@]2(C)[C@H]4[C@@H](CC[C@@]4(CC[C@@]32C)C(O)=O)C(C)=C)C1(C)C,3650.0,0.0
C[C@]12CC[C@H]3[C@@H](CC[C@@H]4C[C@H](O)CC[C@]34C)[C@@H]1CCC2=O,3760.0,0.0
CCOC(=O)CCc1cc(Cl)c(Oc2ccncc2C(=O)N2CCN(C3CC3)c3ccccc23)cc1Cl,3800.0,0.0
Clc1ccc(Cl)c(Oc2cncnc2C(=O)N2CCCc3ccccc23)c1,3871.0,0.0
C[C@H](CCC(=O)NCC(O)=O)[C@H]1CC[C@H]2[C@@H]3[C@H](O)C[C@@H]4C[C@H](O)CC[C@]4(C)[C@H]3CC[C@]12C,3880.0,0.0
C[C@H](CCC(O)=O)[C@H]1CC[C@H]2[C@@H]3[C@H](O)C[C@@H]4CC(=O)CC[C@]4(C)[C@H]3CC[C@]12C,3980.0,0.0
Clc1ccc(Cl)c(CN2CCC[C@H]2C(=O)N2CCSc3ccccc23)c1,3981.0,0.0
CN(C)c1ccc(cc1)N(C)C(=O)c1c(C)onc1-c1ccccc1Cl,3981.07,0.0
CN(C(=O)c1c(C)onc1-c1ccccc1Cl)c1ccccc1,3981.07,0.0
FC(F)(F)c1cc(CN(Cc2cnccc2-c2ccccc2)C(=O)c2ccncc2)cc(c1)C(F)(F)F,4080.0,0.0
CC(CCC(O)=O)C1CCC2C3CC[C@H]4CC(O)CC[C@@]4(C)C3CC(O)[C@]12C,4390.0,0.0
C[C@H](C[C@H](C)C(O)=O)[C@H]1CC[C@H]2[C@@H]3[C@H](O)C[C@@H]4C[C@H](O)CC[C@]4(C)[C@H]3C[C@H](O)[C@]12C,4390.0,0.0
C[C@]12CC[C@H]3[C@@H](CC[C@H]4CC(=O)CC[C@]34C)[C@@H]1CC[C@@H]2O,4490.0,0.0
C[C@H](CC#N)[C@H]1CC[C@H]2[C@@H]3C[C@](O)([C@@H]4C[C@H](O)CC[C@]4(C)[C@H]3CC[C@]12C)c1ccccc1,4580.0,0.0
CC(=C)[C@@H]1CC[C@@]2(CC[C@]3(C)[C@H](CC[C@@H]4[C@@]5(C)CCC(=O)C(C)(C)[C@@H]5CC[C@@]34C)[C@@H]12)C(O)=O,4710.0,0.0
CC[C@H]1[C@@H](O)[C@H]2[C@@H]3CC[C@H]([C@H](C)CCC(O)=O)[C@@]3(C)[C@@H](O)C[C@@H]2[C@@]2(C)CC[C@@H](O)C[C@@H]12,4790.0,0.0
COc1cc(ccc1Cl)C1CCCc2nc(SCc3c(F)cccc3OC)n(c12)-c1ccc(F)cc1,4810.0,0.0
C[C@H](CCC(O)=O)[C@H]1CC[C@H]2[C@@H]3C[C@@H](O)[C@@H]4C[C@H](O)CC[C@]4(C)[C@H]3CC[C@]12C,4890.0,0.0
C[C@H](CCC(=O)NCCS(O)(=O)=O)[C@H]1CC[C@H]2[C@@H]3[C@H](O)C[C@@H]4C[C@H](O)CC[C@]4(C)[C@H]3C[C@H](O)[C@]12C,4950.0,0.0
CCOC(=O)CN(C)C(=O)CCc1cc(Cl)c(Oc2ccncc2C(=O)N2CCN(C3CC3)c3ccccc23)cc1Cl,5000.0,0.0
CC(=O)ON=C1CC[C@@]2(C)[C@@H](CC[C@]3(C)[C@@H]2CC[C@@H]2[C@H]4[C@@H](CC[C@@]4(CC[C@@]32C)C(O)=O)C(C)=C)C1(C)C,5000.0,0.0
CCN(C(=O)c1c(C)onc1-c1ccccc1Cl)c1cccc(Cl)c1,5011.87,0.0
COc1ccc(cc1)-c1noc(C)c1C(=O)N(C)c1ccc(Cl)cc1,5011.87,0.0
C[C@H](CCCS(O)(=O)=O)[C@H]1CCC2C3[C@@H](O)C[C@@H]4C[C@H](O)CC[C@]4(C)C3CC[C@]12C,5020.0,0.0
CCOC(=O)CNC(=O)CCc1cc(Cl)c(Oc2ccncc2C(=O)N2CCN(C3CC3)c3ccccc23)cc1Cl,5300.0,0.0
Clc1ccc(Cl)c(Oc2nccnc2C(=O)N2CCCc3ccccc23)c1,5422.0,0.0
CN(CC(O)=O)C(=O)CCc1cc(Cl)c(Oc2ccncc2C(=O)N2CCN(C3CC3)c3ccccc23)cc1Cl,5800.0,0.0
Cc1ccnc(n1)N1CCC[C@H](C1)C(=O)NCCc1ccccc1,5800.0,0.0
C[C@H](CCC(O)=O)[C@H]1CC[C@H]2[C@@H]3CC[C@@H]4CCCC[C@]4(C)[C@H]3CC[C@]12C,6080.0,0.0
COc1ccc(SCc2cnc(SCc3c(F)cc(cc3F)C(O)=O)n2-c2ccc(F)cc2)cc1OC,6080.0,0.0
C[C@H](CCC(O)=O)[C@H]1CC[C@H]2[C@@H]3[C@H](O)C[C@@H]4C[C@H](O)CC[C@]4(C)[C@H]3CC[C@]12C,6100.0,0.0
C[C@H](CCC(O)=O)[C@H]1CC[C@H]2[C@@H]3[C@@H](C)C[C@@H]4CCCC[C@]4(C)[C@H]3CC[C@]12C,6180.0,0.0
COc1cc(ccc1Cl)C1(CF)CCCc2nc(SCc3c(F)cccc3Cl)n(c12)-c1ccc(F)cc1,6200.0,0.0
C[C@]12CC[C@H]3[C@@H](CC[C@H]4C[C@H](O)CC[C@]34C)[C@@H]1CCC2=O,6220.0,0.0
CC(=C)C[C@@]1(O)CC[C@@]2(C)[C@@H](CC[C@]3(C)[C@@H]2CC[C@@H]2[C@H]4[C@@H](CC[C@@]4(CC[C@@]32C)C(O)=O)C(C)=C)C1(C)C,6270.0,0.0
CCCc1ccc(cc1)N(C)C(=O)c1c(C)onc1-c1ccccc1Cl,6309.57,0.0
C[C@]1(CO1)[C@@H]1CC[C@@]2(CC[C@]3(C)[C@H](CC[C@@H]4[C@@]5(C)CC[C@H](O)C(C)(C)[C@@H]5CC[C@@]34C)[C@@H]12)C(O)=O,6910.0,0.0
C[C@]12CC[C@H]3[C@@H](CC[C@H]4C[C@H](O)CC[C@]34C)[C@@H]1CC[C@@H]2O,7010.0,0.0
Fc1ccc(N(C(=O)COc2cccc3cnccc23)c2ccc(F)cc2C#N)c(Cl)c1,7370.0,0.0
COc1cc(ccc1Cl)C1CCCc2nc(SCc3cc(F)ccc3F)n(c12)-c1ccc(F)cc1,7415.0,0.0
FC(F)(F)c1cc(CN(Cc2cnccc2-c2ccccc2)C(=O)c2ccc(Cl)cc2)cc(c1)C(F)(F)F,7430.0,0.0
CCC(=O)ON=C1CC[C@@]2(C)[C@@H](CC[C@]3(C)[C@@H]2CC[C@@H]2[C@H]4[C@@H](CC[C@@]4(CC[C@@]32C)C(O)=O)C(C)=C)C1(C)C,7730.0,0.0
CC(=C)[C@@H]1CC[C@@]2(CC[C@]3(C)[C@H](CC[C@@H]4[C@@]5(C)CCC(=NOC(=O)CCC=C)C(C)(C)[C@@H]5CC[C@@]34C)[C@@H]12)C(O)=O,7880.0,0.0
COC(=O)c1ccc(cc1)N(C)C(=O)c1c(C)onc1-c1ccccc1Cl,7943.28,0.0
CN(C(=O)c1c(C)onc1-c1ccccc1Cl)c1ccc(cc1)C(C)(C)C,7943.28,0.0
OC(=O)CNC(=O)CCc1cc(Cl)c(Oc2ccncc2C(=O)N2CCN(C3CC3)c3ccccc23)cc1Cl,8000.0,0.0
Clc1ccc(CCNC(=O)[C@@H]2CCCN(C2)c2ccncn2)cc1,8170.0,0.0
C[C@H](CCc1nc(C)no1)[C@H]1CC[C@H]2[C@@H]3[C@H](O)C[C@@H]4C[C@H](O)CC[C@]4(C)[C@H]3CC[C@]12C,8440.0,0.0
C[C@H](C[C@H](C)C(O)=O)[C@H]1CC[C@H]2[C@H]3[C@H](CC[C@]12C)[C@@]1(C)CCC(=O)C[C@H]1CC3=O,9130.0,0.0
[O-]C(=O)C(F)(F)F.COc1ccc(SCc2cnc(SCc3c(F)cc(cc3F)S(=O)(=O)NCCC[N+](C)(C)C)n2-c2ccc(F)cc2)cc1OC,9360.0,0.0
COc1ccc(cc1OC)[C@H]1CCCc2nc(SCc3c(F)cccc3Cl)n(c12)-c1ccc(F)cc1,9390.0,0.0
CN1CCN(CC1)c1cc(nc(n1)C(F)(F)F)N1CCC[C@H]1C(=O)NCCc1ccc(cc1)C#N,4.0,1.0
CN1CCN(CC1)c1nc(nc(C)c1F)N1CCC[C@H](C1)C(=O)NCCc1ccc(cc1)C#N,4.0,1.0
OC[C@@H](O)[C@@H](O)[C@H](O)[C@@H](NC(=O)CCCCc1cc(Cl)c(CN2CSC[C@H]2C(=O)N2CCN(C3CC3)c3ccccc23)cc1Cl)C(O)=O,4.0,1.0
COc1ccc(cc1)N1CCN(CC1)C(=O)c1cncn1[C@H](C)c1ccccc1,4.4,1.0
COc1ccc(cc1OC)N(C)c1cnc(SCc2c(F)cccc2F)n1-c1ccc(F)cc1F,4.8,1.0
COc1cc(F)ccc1-c1ccncc1N(C)C(=O)c1cc(cc(c1)S(=O)(=O)N1CC2(COC2)C1)C(F)(F)F,5.0,1.0
C[C@H](O)[C@@H]1CC[C@@]2(CC[C@]3(C)[C@H](CC[C@@H]4[C@@]5(C)CC[C@@H](OC(=O)NC6CC6)C(C)(C)[C@@H]5CC[C@@]34C)[C@@H]12)C(O)=O,5.1,1.0
CN1CCN(C(=O)C2(CC2)C(=O)Nc2cc(Cl)ccc2Cl)c2ccccc12,5.1,1.0
CCOC(=O)Cc1coc2cc(Cl)c(Oc3ccncc3C(=O)N3CCN(C4CC4)c4ccccc34)cc12,5.2,1.0
CC(=O)c1cccc(Oc2ccncc2C(=O)N2CCN(C3CC3)c3ccccc23)c1,5.5,1.0
Fc1ccccc1-c1ccncc1CN1C(ON=C1c1ccco1)c1cc(cc(c1Cl)C(F)(F)F)C(F)(F)F,5.6,1.0
CO[C@@H]1C[C@@H]2C[C@H](O)CC[C@]2(C)[C@H]2CC[C@]3(C)[C@H](CC[C@H]3[C@H]12)[C@H](C)CCc1nnc(C)o1,5.6,1.0
COc1ccc(cc1OC)C(C)(C)c1cnc(SCCOc2ccc(cc2F)-n2ccnc2)n1-c1ccc(F)cc1,5.8,1.0
COc1cc(F)ccc1-c1ccncc1N(C)C(=O)c1cc(nc(c1)C(F)(F)F)C(F)(F)F,6.0,1.0
Cc1ccccc1[C@H](C\C(=N\O)c1ccc(=O)n(C)n1)c1ccc(Br)cc1,6.0,1.0
CCOC(=O)CNC(=O)\C=C\c1oc2ccc(Cl)c(Oc3ccncc3C(=O)N3CCN(C4CC4)c4ccccc34)c2c1C,6.1,1.0
CN1CCN(C(=O)c2cccnc2Oc2cc(Cl)ccc2Cl)c2ccccc12,6.1,1.0
OC[C@@H](O)[C@@H](O)[C@H](O)[C@@H](O)CNC(=O)CCc1cc(Cl)c(CN2CSC[C@H]2C(=O)N2CCN(C3CC3)c3ccccc23)cc1Cl,6.3,1.0
OC(=O)CC[C@H](NC(=O)CCCCc1cc(Cl)c(CN2CSC[C@H]2C(=O)N2CCN(C3CC3)c3ccccc23)cc1Cl)C(O)=O,6.3,1.0
OCc1cc(Cl)c(CN2CSC[C@H]2C(=O)N2CCN(C3CC3)c3ccccc23)cc1Cl,6.3,1.0
CS(=O)(=O)c1ccc(CC2CCC(CC2)c2c(cnn2-c2ccc(F)cc2)C(=O)N2CCC(C2)c2ccc(F)cc2)cc1,7.0,1.0
Clc1ccc(Cl)c(Oc2cnccc2C(=O)N2CCCc3ccccc23)c1,7.0,1.0
COc1ccc(cc1OC)C(C)(C)c1cnc(SCCOc2ccc(cc2)-n2cccc2)n1-c1ccc(F)cc1,7.8,1.0
Clc1cccc(Oc2ccncc2C(=O)N2CCN(C3CC3)c3ccccc23)c1,7.9,1.0
C[C@H](CC(O)=O)[C@H]1CC[C@H]2[C@@H]3[C@H](O)C[C@@H]4C[C@H](O)CC[C@]4(C)[C@H]3CC[C@]12C,10400.0,0.0
C[C@H](CCC(O)=O)[C@H]1CC[C@H]2[C@H]3[C@H](CC[C@]12C)[C@@]1(C)CCC(=O)C[C@H]1CC3=O,10930.0,0.0
[O-]C(=O)C(F)(F)F.COc1ccc(SCc2cnc(SCc3c(F)cc(cc3F)S(=O)(=O)N(CCCO)CCC[N+](C)(C)C)n2-c2ccc(F)cc2)cc1OC,11750.0,0.0
CCOC(=O)CCNC(=O)CCc1cc(Cl)c(Oc2ccncc2C(=O)N2CCN(C3CC3)c3ccccc23)cc1Cl,12000.0,0.0
Clc1cc(Oc2ccncc2C(=O)N2CCN(C3CC3)c3ccccc23)c(Cl)cc1CCC(=O)NCCOCCOCCOCCOCCOCCOCCOCCOCCNC(=O)CCc1cc(Cl)c(Oc2ccncc2C(=O)N2CCN(C3CC3)c3ccccc23)cc1Cl,12000.0,0.0
COc1cc(ccc1Cl)C1(CO)CCCc2nc(SCc3c(F)cccc3Cl)n(c12)-c1ccc(F)cc1,12500.0,0.0
CN(C(=O)c1c(C)onc1-c1ccccc1Cl)c1ccc(cc1)C(C)=O,12589.25,0.0
Clc1cc(Oc2ccncc2C(=O)N2CCN(C3CC3)c3ccccc23)c(Cl)cc1CCC(=O)NCCOCCOCCOCCOCCOCCOCCNC(=O)CCc1cc(Cl)c(Oc2ccncc2C(=O)N2CCN(C3CC3)c3ccccc23)cc1Cl,13000.0,0.0
COc1cc(ccc1Cl)C1CCCc2nc(SCc3c(F)cccc3Cl)n(c12)-c1ccc(F)c(c1)C(F)(F)F,13400.0,0.0
C[C@H](CCC(O)=O)[C@H]1CC[C@H]2[C@@H]3[C@H](O)C[C@@H]4C[C@H](O)CC[C@]4(C)[C@H]3C[C@H](O)[C@]12C,13600.0,0.0
C[C@H](CCC(=O)NCC(O)=O)[C@H]1CC[C@H]2[C@@H]3[C@H](O)C[C@@H]4C[C@H](O)CC[C@]4(C)[C@H]3C[C@H](O)[C@]12C,13600.0,0.0
Clc1cc(Oc2ccncc2C(=O)N2CCN(C3CC3)c3ccccc23)c(Cl)cc1CCC(=O)NCCOCCOCCOCCNC(=O)CCc1cc(Cl)c(Oc2ccncc2C(=O)N2CCN(C3CC3)c3ccccc23)cc1Cl,14000.0,0.0
C[C@H](CCC(O)=O)[C@H]1CC[C@H]2[C@@H]3[C@H](O)C[C@@H]4CCCC[C@]4(C)[C@H]3CC[C@]12C,14500.0,0.0
OC(=O)c1ccc(OCc2ccc3ccccc3n2)cc1,16500.0,0.0
C[C@H](CCCCC(O)=O)[C@H]1CC[C@H]2[C@@H]3[C@@H](O)C[C@@H]4C[C@H](O)CC[C@]4(C)[C@H]3CC[C@]12C,17200.0,0.0
C[C@]12CC[C@H]3[C@@H](CCC4=CC(=O)CC[C@]34C)[C@@H]1CC[C@@H]2O,18300.0,0.0
COc1cc(ccc1Cl)C1CCCc2nc(SCc3c(F)cccc3Cl)n(c12)-c1ccc(Cl)cc1,18550.0,0.0
OC(=O)c1cc(O)cc(OCc2ccc3ccccc3n2)c1,20000.0,0.0
C[C@H](CCC(=O)NCCS(O)(=O)=O)[C@H]1CC[C@H]2[C@@H]3C[C@H](O)[C@@H]4C[C@H](O)CC[C@]4(C)[C@H]3CC[C@]12C,24200.0,0.0
C[C@H](CCC([O-])=O)[C@H]1[C@@H](O)C[C@H]2[C@@H]3[C@H](O)C[C@@H]4C[C@H](O)CC[C@]4(C)[C@H]3CC[C@]12C,25000.0,0.0
C[C@H](C[C@@H](C)C(O)=O)[C@H]1CC[C@H]2[C@@H]3[C@H](O)C[C@@H]4C[C@H](O)CC[C@]4(C)[C@H]3CC[C@]12C,25500.0,0.0
Fc1ccc(cc1)-n1c(SCc2c(F)cccc2Cl)nc2CCCC(c12)c1ccc2OCOc2c1,26000.0,0.0
COc1cc(ccc1Cl)C1CCCc2nc(SCc3ccc(F)cc3F)n(c12)-c1ccc(F)cc1,26440.0,0.0
COc1ccc(C(=O)Nc2cccc(c2)C(O)=O)c(NC(=O)c2ccc(cc2)C(C)(C)C)c1,30000.0,0.0
C[C@H](CCC(=O)NCCS(O)(=O)=O)[C@H]1CC[C@H]2[C@@H]3[C@@H](O)C[C@@H]4C[C@H](O)CC[C@]4(C)[C@H]3CC[C@]12C,30000.0,0.0
C[C@H](CCC(O)=O)[C@H]1CC[C@H]2[C@@H]3C[C@H](O)[C@@H]4C[C@H](O)CC[C@]4(C)[C@H]3CC[C@]12C,31600.0,0.0
C[C@H](CCC(=O)NCC(O)=O)[C@H]1CC[C@H]2[C@@H]3[C@@H](O)C[C@@H]4C[C@H](O)CC[C@]4(C)[C@H]3CC[C@]12C,33900.0,0.0
OC(=O)CCc1cc(Cl)c(Oc2ccncc2C(=O)N2CCN(C3CC3)c3ccccc23)cc1Cl,35000.0,0.0
C[C@H](CCC(=O)NCC(O)=O)[C@H]1CC[C@H]2[C@@H]3C[C@H](O)[C@@H]4C[C@H](O)CC[C@]4(C)[C@H]3CC[C@]12C,36700.0,0.0
COc1ccc(cc1)-n1c(SCc2c(F)cccc2Cl)nc2CCCC(c12)c1ccc(Cl)c(OC)c1,38160.0,0.0
C[C@]12CC[C@H]3[C@@H](CCc4cc(O)ccc34)[C@@H]1CC[C@@H]2O,38400.0,0.0
CC[C@H]1[C@@H](O)[C@H]2[C@@H]3CC[C@H]([C@H](C)CCC(O)=O)[C@@]3(C)C[C@@H](O)[C@@H]2[C@@]2(C)CC[C@@H](O)C[C@@H]12,41500.0,0.0
COc1ccc(SCc2cnc([S+]([O-])Cc3c(F)cc(cc3F)C(O)=O)n2-c2ccc(F)cc2)cc1OC,44900.0,0.0
C[C@H](CC(O)=O)[C@H]1CC[C@H]2[C@@H]3[C@@H](O)C[C@@H]4C[C@H](O)CC[C@]4(C)[C@H]3CC[C@]12C,47200.0,0.0
C[C@H](CCC(=O)NCCS(O)(=O)=O)[C@H]1CC[C@H]2[C@@H]3CC[C@@H]4C[C@@H](CC[C@]4(C)[C@H]3CC[C@]12C)OS(O)(=O)=O,47800.0,0.0
CC[C@H]1[C@@H](O)[C@H]2[C@@H]3CC[C@H]([C@H](C)CCNC(=O)OC\C=C\c4ccccc4)[C@@]3(C)CC[C@@H]2[C@@]2(C)CC[C@@H](O)C[C@@H]12,55000.0,0.0
CC[C@H]1[C@@H](O)[C@H]2[C@@H]3CC[C@H]([C@H](C)CCC(O)=O)[C@@]3(C)[C@H](O)C[C@@H]2[C@@]2(C)CC[C@@H](O)C[C@@H]12,62000.0,0.0
C[C@H]([C@H]1C[C@H]1C(O)=O)[C@H]1CC[C@H]2[C@@H]3[C@H](O)C[C@@H]4C[C@H](O)CC[C@]4(C)[C@H]3CC[C@]12C,75700.0,0.0
CC[C@H]1[C@@H](O)[C@H]2[C@@H]3C[C@@H](O)[C@H]([C@H](C)CCC([O-])=O)[C@@]3(C)CC[C@@H]2[C@@]2(C)CC[C@@H](O)C[C@@H]12,87000.0,0.0
C[C@]12CC[C@H]3[C@@H](CC=C4C[C@H](CC[C@]34C)OS(O)(=O)=O)[C@@H]1CCC2=O,127000.0,0.0
C[C@H](CCC([O-])=O)[C@H]1[C@H](O)C[C@H]2[C@@H]3[C@H](O)C[C@@H]4C[C@H](O)CC[C@]4(C)[C@H]3CC[C@]12C,160000.0,0.0
OC(=O)C\C=C\c1cc(Cl)c(Oc2ccncc2C(=O)N2CCN(C3CC3)c3ccccc23)cc1Cl,378000.0,0.0
CN(C(=O)c1c(C)onc1-c1cccc(F)c1)c1ccc(Cl)cc1,7.94,1.0
CN(C(=O)c1cc(cc(c1)S(C)(=O)=O)C(F)(F)F)c1cnccc1-c1ccccc1OC1CCC1,8.0,1.0
COCCN(C(=O)c1cc(cc(c1)C(F)(F)F)C(F)(F)F)c1cnccc1-c1ccccc1Cl,8.0,1.0
COc1cccc(F)c1-c1ccncc1N(C)C(=O)c1cc(cc(c1)C(F)(F)F)C(F)(F)F,8.0,1.0
Cc1nc(ncc1F)N1CCC[C@H](C1)C(=O)NCCc1ccc(Cl)cc1,8.0,1.0
COc1ccc(cc1OC)C(C)(C)c1cnc(SCCOc2ccc(cc2F)-n2ccnc2C)n1-c1ccc(F)cc1,8.6,1.0
CCOC(=O)\C=C\c1oc2ccc(Cl)c(Oc3ccncc3C(=O)N3CCN(C4CC4)c4ccccc34)c2c1C,8.9,1.0
COc1ncccc1-c1ccncc1N(C)C(=O)c1cc(cc(c1)C(F)(F)F)C(F)(F)F,9.0,1.0
CC(C)[C@@H]1CC[C@@]2(CC[C@]3(C)[C@H](CC[C@@H]4[C@@]5(C)CC[C@@H](OC(=O)NC6CC6)C(C)(C)[C@@H]5CC[C@@]34C)[C@@H]12)C(O)=O,10.0,1.0
OC(=O)C1CCN(CC1)c1cc(nc(n1)C(F)(F)F)N1CCC[C@H](C1)C(=O)NCCc1ccc(cc1)C#N,10.0,1.0
OP(O)(=O)CNC(=O)NCCCCCc1cc(Cl)c(CN2CSC[C@H]2C(=O)N2CCN(C3CC3)c3ccccc23)cc1Cl,10.0,1.0
OC(=O)CCCCc1cc(Cl)c(CN2CSC[C@H]2C(=O)N2CCN(C3CC3)c3ccccc23)cc1Cl,10.0,1.0
CN(C[C@H](O)[C@@H](O)[C@H](O)[C@H](O)CO)C(=O)CC[C@H](NC(=O)CCCCc1cc(Cl)c(CN2CSC[C@H]2C(=O)N2CCN(C3CC3)c3ccccc23)cc1Cl)C(O)=O,10.0,1.0
OC(=O)CN(CCCCCc1cc(Cl)c(CN2CSC[C@H]2C(=O)N2CCN(C3CC3)c3ccccc23)cc1Cl)CC(O)=O,10.0,1.0
CCCc1onc(c1C(=O)N(C)c1ccc(Cl)cc1)-c1ccccc1Cl,10.0,1.0
CCN(C(=O)c1c(CC)onc1-c1ccccc1Cl)c1ccc(Cl)cc1,10.0,1.0
CN(C(=O)c1cc(cc(c1)S(C)(=O)=O)C(F)(F)F)c1cnccc1-c1ccccc1OC1CC1,11.0,1.0
CN(C(=O)c1cc(cc(c1)C(F)(F)F)C(F)(F)F)c1cnccc1-c1ccccc1,11.0,1.0
CO[C@@H]1C[C@@H]2C[C@H](O)CC[C@]2(C)[C@H]2CC[C@]3(C)[C@H](CC[C@H]3[C@H]12)[C@H](C)CCC(=O)N1CCCC1,11.0,1.0
COc1ccccc1-c1ccncc1N(C)C(=O)c1cc(cc(c1)C(F)(F)F)C(F)(F)F,11.0,1.0
O=C(N1CCN(C2CC2)c2ccccc12)c1cnccc1Oc1ccc2occc2c1,11.0,1.0
COc1cc(F)ccc1-c1ccncc1N(C)C(=O)c1cc(cc(c1)C(F)(F)F)C(F)(F)F,11.0,1.0
COc1cc(F)ccc1-c1ccncc1N(C)C(=O)c1cc(cc(c1)S(=O)(=O)N(C)C)C(F)(F)F,12.0,1.0
CSc1ncc(C(=O)N2CCN(C)c3ccccc23)c(Oc2cc(Cl)ccc2Cl)n1,12.0,1.0
Cc1ccc(Oc2ccncc2C(=O)N2CCN(C3CC3)c3ccccc23)cc1,12.0,1.0
COc1ccc(OC)c(Oc2ccncc2C(=O)N2CCN(C3CC3)c3ccccc23)c1,12.0,1.0
COc1cccc(Oc2ccncc2C(=O)N2CCN(C3CC3)c3ccccc23)c1,12.0,1.0
CN(C(=O)c1c(C)onc1-c1ccc(Cl)cc1)c1ccc(Cl)cc1,12.59,1.0
CN(C(=O)c1c(C)onc1-c1cccc(Cl)c1)c1ccc(Cl)cc1,12.59,1.0
CN(C(=O)c1c(C)onc1-c1ccccc1Cl)c1cc(Br)c(C)c(Br)c1,12.59,1.0
CN(C(=O)c1c(C)onc1-c1ccccc1C)c1ccc(Cl)cc1,12.59,1.0
CC(=O)[C@@H]1CC[C@@]2(CC[C@]3(C)[C@H](CC[C@@H]4[C@@]5(C)CC[C@@H](OC(=O)NC6CC6)C(C)(C)[C@@H]5CC[C@@]34C)[C@@H]12)C(O)=O,13.0,1.0
CCNC(=O)O[C@@H]1CC[C@@]2(C)[C@@H](CC[C@]3(C)[C@@H]2CC[C@@H]2[C@H]4[C@@H](CC[C@@]4(CC[C@@]32C)C(O)=O)C(C)C)C1(C)C,13.0,1.0
COC(=O)CN(C(=O)c1cc(nc(c1)C(F)(F)F)C(F)(F)F)c1cnccc1-c1c(F)cccc1OC,13.0,1.0
Cc1c(\C=C\C(=O)NCC(O)=O)oc2ccc(Cl)c(C(=O)Oc3ccncc3C(=O)N3CCN(C4CC4)c4ccccc34)c12,13.0,1.0
FC(F)(F)c1nc(cc(n1)N1CCC[C@H](C1)C(=O)NCCc1ccc(cc1)C#N)N1CCNCC1,13.0,1.0
OC[C@@H](O)[C@@H](O)[C@H](O)[C@@H](O)CN(CC(O)=O)C(=O)CCCCc1cc(Cl)c(CN2CSC[C@H]2C(=O)N2CCN(C3CC3)c3ccccc23)cc1Cl,13.0,1.0
Clc1ccc(Cl)c(Oc2ncccc2C(=O)N2CCN(C3COC3)c3ccccc23)c1,14.0,1.0
COC(=O)CN(C(=O)c1cc(nc(c1)C(F)(F)F)C(F)(F)F)c1cnccc1-c1ccc(F)cc1OC,14.0,1.0
CN(C(=O)c1cc(cc(c1)C(F)(F)F)C(F)(F)F)c1cnccc1-c1ccccc1F,14.0,1.0
CN(C(=O)c1cc(cc(c1)C(F)(F)F)C(F)(F)F)c1cnccc1-c1c(F)cccc1F,14.0,1.0
COc1ccc(cc1OC)C(C)(C)c1cnc(SCCOCc2c(F)cccc2F)n1-c1ccc(F)cc1,14.0,1.0
Fc1ccccc1-c1ccncc1CN1C(ON=C1c1ccco1)c1cc(cc(c1)C(F)(F)F)C(F)(F)F,15.0,1.0
COc1cc(F)ccc1-c1ccncc1N(C)C(=O)c1cc(cc(c1)S(=O)(=O)N1CCS(=O)(=O)CC1)C(F)(F)F,15.0,1.0
CN(C(=O)c1cc(cc(c1)C(F)(F)F)[N+]([O-])=O)c1cnccc1-c1ccccc1C,15.0,1.0
CN(C(=O)c1c(C)onc1-c1ccccc1Cl)c1ccc(Br)cc1,15.85,1.0
O=C(N1CCN(C2CC2)c2ccccc12)c1cnccc1Oc1ccc2sccc2c1,16.0,1.0
CC#CCn1c(nc2n(C)c(=O)n(Cc3nc(C)c4ccccc4n3)c(=O)c12)N1CCC[C@@H](C1)NC(=O)CCOCCOCCOCCOCCOCCOCCN(C)C(=O)CCc1cc(Cl)c(Oc2ccncc2C(=O)N2CCN(C3CC3)c3ccccc23)cc1Cl,17.0,1.0
COc1ccc(cc1OC)C(C)(C)c1cnc(SCc2c(F)cccc2Cl)n1-c1ccc(F)cc1,17.0,1.0
COc1ccccc1-c1ccncc1N(C)C(=O)c1cc(cc(c1)S(C)(=O)=O)C(F)(F)F,17.0,1.0
COc1cccc(F)c1-c1ccncc1N(C)C(=O)c1cc(cc(c1)S(C)(=O)=O)C(F)(F)F,17.0,1.0
COc1ccc(cc1OC)C(C)(C)c1cnc(SCCOCc2cccc(Cl)c2)n1-c1ccc(F)cc1,17.0,1.0
COc1ccc(cc1OC)C(C)(C)c1cnc(SCCOc2ccc(cc2)-n2cncn2)n1-c1ccc(F)cc1,17.0,1.0
CCN1CCN(CC1)c1cc(nc(n1)C(F)(F)F)N1CCC[C@H](C1)C(=O)NCCc1cnc(nc1)C#N,17.0,1.0
COc1cc(F)ccc1-c1cc(C)ncc1N(C)C(=O)c1cc(Br)cc(c1)C(F)(F)F,18.0,1.0
CNC(=O)O[C@@H]1CC[C@@]2(C)[C@@H](CC[C@]3(C)[C@@H]2CC[C@@H]2[C@H]4[C@@H](CC[C@@]4(CC[C@@]32C)C(O)=O)C(C)C)C1(C)C,18.0,1.0
COc1cc(F)ccc1-c1ccncc1N(CC(F)(F)F)C(=O)c1cc(nc(c1)C(F)(F)F)C(F)(F)F,18.0,1.0
Cc1c(\C=C\C(O)=O)oc2ccc(Cl)c(Oc3ccncc3C(=O)N3CCN(C4CC4)c4ccccc34)c12,18.0,1.0
CN(C(=O)c1cc(nc(c1)C(F)(F)F)C(F)(F)F)c1cnccc1-c1ccccc1C,19.0,1.0
COc1cc(F)ccc1-c1ccncc1N(C)C(=O)c1cc(cc(c1)S(=O)(=O)N1CCC1)C(F)(F)F,19.0,1.0
COc1cc(F)ccc1-c1ccncc1N(CC(F)F)C(=O)c1cc(nc(c1)C(F)(F)F)C(F)(F)F,19.0,1.0
C[C@@]1(CO1)[C@@H]1CC[C@@]2(CC[C@]3(C)[C@H](CC[C@@H]4[C@@]5(C)CC[C@@H](OC(=O)NC6CC6)C(C)(C)[C@@H]5CC[C@@]34C)[C@@H]12)C(O)=O,19.0,1.0
CN(C(=O)c1c(C)onc1-c1ccccc1Cl)c1ccc(cc1)C(F)(F)F,19.95,1.0
CN(C(=O)c1c(C)onc1-c1ccccc1Cl)c1ccc(C)c(C)c1,19.95,1.0
CC(C)c1onc(c1C(=O)N(C)c1ccc(Cl)cc1)-c1ccccc1Cl,19.95,1.0
CN(C(=O)c1c(C)onc1-c1ccccc1)c1ccc(Cl)cc1,19.95,1.0
COc1cc(F)ccc1-c1ccncc1N(C)C(=O)c1cc(cc(c1)S(=O)(=O)N1CCOCC1)S(C)(=O)=O,20.0,1.0
CCN1CCN(C(=O)c2cncnc2Oc2cc(Cl)ccc2Cl)c2ccccc12,20.0,1.0
CN1CCN(CC1)c1cc(nc(n1)C(F)(F)F)N1CCCC[C@H]1C(=O)NCCc1ccc(cc1)C#N,20.0,1.0
COc1ccc(cc1OC)C(C)(C)c1cnc(SCCOc2ccc(cc2)-n2cccn2)n1-c1ccc(F)cc1,20.0,1.0
CN1CCN(C(=O)c2cnc(O)nc2Nc2cc(Cl)ccc2Cl)c2ccccc12,20.0,1.0
CN(C(=O)c1cc(cc(c1)C(F)(F)F)C(F)(F)F)c1cnccc1-c1ccccc1Cl,21.0,1.0
CN(C(=O)c1cc(Cl)cc(c1)C(F)(F)F)c1cnccc1-c1ccccc1C,22.0,1.0
COc1ccc(cc1OC)C(C)(C)c1cnc(SCCOCc2cccc(c2)C#N)n1-c1ccc(F)cc1,22.0,1.0
CN(C(=O)c1cc(cc(c1)C(F)(F)F)C(F)(F)F)c1cnccc1-c1ccccc1C,22.0,1.0
COc1cc(F)c(F)cc1-c1ccncc1N(C)C(=O)c1cc(nc(c1)C(F)(F)F)C(F)(F)F,22.0,1.0
Cc1c(Cl)cccc1OCCCC(=O)N1CCCc2c1cccc2-c1cnn(Cc2c(F)cc(cc2Cl)C(=O)NCCS(O)(=O)=O)c1,23.0,1.0
COc1cc(F)ccc1-c1ccncc1N(C)C(=O)c1cc(Cl)cc(c1)C1CC1,23.0,1.0
COC(=O)CN(C(=O)c1cc(nc(c1)C(F)(F)F)C(F)(F)F)c1cnccc1-c1ccccc1F,23.0,1.0
COc1ccc(F)c(c1)-c1ccncc1N(C)C(=O)c1cc(cc(c1)C(F)(F)F)C(F)(F)F,23.0,1.0
Clc1ccc(Cl)c(Oc2ncncc2C(=O)N2CCN(C3CCC3)c3ccccc23)c1,23.0,1.0
COc1cc(cc(n1)C(F)(F)F)C(=O)N(C)c1cnccc1-c1ccc(F)cc1OC,23.0,1.0
Cc1c(Cl)cccc1OCCCC(=O)N1CCC(Cc2cccc(c2)C(=O)NCCS(O)(=O)=O)c2ccccc12,24.0,1.0
COCC(=O)O[C@@H]1CC[C@@]2(C)[C@@H](CC[C@]3(C)[C@@H]2CC[C@@H]2[C@H]4[C@@H](CC[C@@]4(CC[C@@]32C)C(O)=O)C(C)C)C1(C)C,25.0,1.0
Clc1ccc(Cl)c(CN2CSC[C@H]2C(=O)N2CCN(C3CC3)c3ccccc23)c1,25.0,1.0
O=C(N1CCN(C2CC2)c2ccccc12)c1cnccc1Oc1ccc2ccoc2c1,25.0,1.0
Cc1cc(NC(=O)c2cc(Cl)c(Oc3ncccc3C(=O)N3CCCc4ccccc34)cc2Cl)sc1C(O)=O,26.0,1.0
COc1cc(F)ccc1-c1ccncc1N(C)C(=O)c1cc(Cl)nc(c1)C(F)(F)F,26.0,1.0
COc1ccc(F)cc1-c1ccncc1N(C)C(=O)c1cc(cc(c1)C(F)(F)F)C(F)(F)F,26.0,1.0
CC(C)[C@@H]1CC[C@@]2(CC[C@]3(C)[C@H](CC[C@@H]4[C@@]5(C)CC[C@@H](OC(=O)NC6CCC6)C(C)(C)[C@@H]5CC[C@@]34C)[C@@H]12)C(O)=O,27.0,1.0
COCCN(C(=O)c1cc(cc(c1)S(C)(=O)=O)C(F)(F)F)c1cnccc1-c1c(F)cccc1OC,27.0,1.0
Clc1ccccc1Oc1ccncc1C(=O)N1CCN(C2CC2)c2ccccc12,27.0,1.0
CCCNC(=O)O[C@@H]1CC[C@@]2(C)[C@@H](CC[C@]3(C)[C@@H]2CC[C@@H]2[C@H]4[C@@H](CC[C@@]4(CC[C@@]32C)C(O)=O)C(C)C)C1(C)C,27.0,1.0
COC(=O)CN(C(=O)c1cc(nc(c1)C(F)(F)F)C(F)(F)F)c1cnccc1-c1cccnc1OC,27.0,1.0
CC(C)[C@@H]1CC[C@@]2(CC[C@]3(C)[C@H](CC[C@@H]4[C@@]5(C)CC[C@@H](OC(=O)CO)C(C)(C)[C@@H]5CC[C@@]34C)[C@@H]12)C(O)=O,27.0,1.0
CC(C)[C@@H]1CC[C@@]2(CC[C@]3(C)[C@H](CC[C@@H]4[C@@]5(C)CC[C@@H](OC(=O)NC6CCCC6)C(C)(C)[C@@H]5CC[C@@]34C)[C@@H]12)C(O)=O,29.0,1.0
CN1CC(CCC1=O)C(\C[C@H](c1ccc(cc1)S(C)(=O)=O)c1ccccc1C)=N/O,29.0,1.0
Cc1ccccc1-c1ccncc1N(CC#N)C(=O)c1cc(cc(c1)C(F)(F)F)C(F)(F)F,29.0,1.0
CN(C(=O)c1cc(cc(c1)C(F)(F)F)C(F)(F)F)c1cnccc1-c1ccccc1OC(F)(F)F,29.0,1.0
CN(C)S(=O)(=O)c1cc(cc(c1)C(F)(F)F)C(=O)N(C)c1cnccc1-c1ccccc1C,29.0,1.0
COc1cc(F)ccc1-c1ccncc1N(C)C(=O)c1cc(SC2COC2)cc(c1)C(F)(F)F,30.0,1.0
CN(C(=O)c1cc(cc(c1)S(C)(=O)=O)C(F)(F)F)c1cnccc1-c1ccccc1C,30.0,1.0
COc1ncccc1-c1ccncc1N(CC(F)(F)F)C(=O)c1cc(nc(c1)C(F)(F)F)C(F)(F)F,30.0,1.0
COc1ncc(F)cc1-c1ccncc1N(C)C(=O)c1cc(cc(c1)C(F)(F)F)C(F)(F)F,30.0,1.0
Clc1ccc(Cl)c(Oc2ncncc2C(=O)N2CCN(CC=C)c3ccccc23)c1,30.0,1.0
CCCN1CCN(C(=O)c2cncnc2Oc2cc(Cl)ccc2Cl)c2ccccc12,30.0,1.0
CC(C)[C@@H]1CC[C@@]2(CC[C@]3(C)[C@H](CC[C@@H]4[C@@]5(C)CC[C@@H](OC(N)=O)C(C)(C)[C@@H]5CC[C@@]34C)[C@@H]12)C(O)=O,31.0,1.0
COCCS(=O)(=O)c1cc(cc(c1)C(F)(F)F)C(=O)N(C)c1cnccc1-c1ccc(F)cc1OC,31.0,1.0
CCN(C(=O)c1c(C)onc1-c1ccccc1Cl)c1ccc(Cl)cc1,31.62,1.0
CN(C(=O)c1c(C)onc1-c1ccccc1C(F)(F)F)c1ccc(Cl)cc1,31.62,1.0
COc1ccc(cc1OC)C(C)(C)c1cnc(SCCOc2ccc(cc2)-c2nccs2)n1-c1ccc(F)cc1,32.0,1.0
CO[C@@H]1C[C@@H]2C[C@H](O)CC[C@]2(C)[C@H]2CC[C@]3(C)[C@H](CC[C@H]3[C@H]12)[C@H](C)CCC(=O)NC[C@H](O)[C@@H](O)[C@H](O)[C@H](O)CO,33.0,1.0
COc1cccc(F)c1-c1ccncc1N(CC(N)=O)C(=O)c1cc(nc(c1)C(F)(F)F)C(F)(F)F,33.0,1.0
CN(C(=O)c1cc(cc(c1)S(C)(=O)=O)C(F)(F)F)c1cnccc1-c1ccccc1OC(F)(F)F,34.0,1.0
CN(C(=O)c1cc(Br)cc(c1)C(F)(F)F)c1cnccc1-c1ccccc1Cl,34.0,1.0
COc1cc(F)ccc1-c1ccncc1N(Cc1ncco1)C(=O)c1cc(cc(c1)S(C)(=O)=O)C(F)(F)F,35.0,1.0
COc1ncccc1-c1ccncc1N(CC(F)F)C(=O)c1cc(nc(c1)C(F)(F)F)C(F)(F)F,36.0,1.0
CC(C)(c1cnc(SCCOCc2c(F)cccc2Cl)n1-c1ccc(F)cc1)c1ccc(Cl)c(Cl)c1,36.0,1.0
COc1cc(F)ccc1-c1ccncc1N(CC(N)=O)C(=O)c1cc(nc(c1)C(F)(F)F)C(F)(F)F,36.0,1.0
C[C@@H](O)[C@@H]1CC[C@@]2(CC[C@]3(C)[C@H](CC[C@@H]4[C@@]5(C)CC[C@@H](OC(=O)NC6CC6)C(C)(C)[C@@H]5CC[C@@]34C)[C@@H]12)C(O)=O,38.0,1.0
CN(C(=O)c1cc(cc(c1)C(F)(F)F)C(F)(F)F)c1cnccc1-c1cccnc1OCC1CC1,38.0,1.0
FC(F)CN(C(=O)c1cc(nc(c1)C(F)(F)F)C(F)(F)F)c1cnccc1-c1ccccc1F,38.0,1.0
COc1cc(F)ccc1-c1ccncc1N(C)C(=O)c1cc(SCCO)cc(c1)C(F)(F)F,38.0,1.0
CN(C(=O)c1cc(cc(c1)C(F)(F)F)C(F)(F)F)c1cnccc1-c1ccc(F)cc1C,38.0,1.0
COc1ccc(cc1OC)C(C)(C)c1cnc(SCCOc2ccccc2)n1-c1ccc(F)cc1,38.0,1.0
CCOC(=O)c1oc2cc(Cl)c(Oc3ccncc3C(=O)N3CCN(C4CC4)c4ccccc34)cc2c1C,38.0,1.0
COc1cc(F)c(F)cc1-c1ccncc1N(C)C(=O)c1cc(cc(c1)C(F)(F)F)C(F)(F)F,38.0,1.0
COc1cc(F)ccc1-c1ccncc1N(CC(F)(F)F)C(=O)c1cc(cc(c1)S(=O)(=O)N(C)C)C(F)(F)F,39.0,1.0
COc1cc(F)c(F)cc1-c1ccncc1N(CC(F)F)C(=O)c1cc(nc(c1)C(F)(F)F)C(F)(F)F,39.0,1.0
CC(C)N(C(=O)c1c(C)onc1-c1ccccc1Cl)c1ccc(Cl)cc1,39.81,1.0
CN(C(=O)c1cc(cc(c1)C(F)(F)F)C(F)(F)F)c1cnccc1-c1ccc(F)cc1F,40.0,1.0
O=C(N1CCN(C2CC2)c2ccccc12)c1cnccc1Oc1cccc2ncccc12,40.0,1.0
OC[C@@H](O)[C@@H](O)[C@H](O)[C@@H](O)C(=O)NCCCN(CCCNC(=O)[C@H](O)[C@@H](O)[C@H](O)[C@H](O)CO)C(=O)NCCCCOc1cc(Cl)c(CN2CSC[C@H]2C(=O)N2CCN(C3CC3)c3ccccc23)cc1Cl,40.0,1.0
COc1cc(F)ccc1-c1cc(C)ncc1N(C)C(=O)c1cc(SC2COC2)cc(c1)C(F)(F)F,41.0,1.0
CCc1ccccc1-c1ccncc1N(C)C(=O)c1cc(cc(c1)C(F)(F)F)C(F)(F)F,41.0,1.0
CSc1ncc(C(=O)N2CCNc3ccccc23)c(Oc2cc(Cl)ccc2Cl)n1,41.0,1.0
O=C(N1CCN(C2CC2)c2ccccc12)c1cnccc1Oc1ccc2ccccc2c1,41.0,1.0
COc1cc(F)ccc1-c1ccncc1N(C)C(=O)c1cc(cc(c1)S(C)(=O)=O)C(F)(F)F,42.0,1.0
CS(=O)(=O)c1cc(cc(c1)C(F)(F)F)C(=O)N(Cc1ncco1)c1cnccc1-c1ccccc1Cl,42.0,1.0
CN(C(=O)c1cc(cc(c1)C(F)(F)F)C(F)(F)F)c1cnccc1-c1cccnc1OCC(F)(F)F,43.0,1.0
CNS(=O)(=O)O[C@@H]1CC[C@@]2(C)[C@@H](CC[C@]3(C)[C@@H]2CC[C@@H]2[C@H]4[C@@H](CC[C@@]4(CC[C@@]32C)C(O)=O)C(C)C)C1(C)C,45.0,1.0
COc1cccc(F)c1-c1ccncc1N(CC(F)(F)F)C(=O)c1cc(cc(c1)S(C)(=O)=O)C(F)(F)F,46.0,1.0
COC(=O)CCS(=O)(=O)c1cc(cc(c1)C(F)(F)F)C(=O)N(C)c1cnccc1-c1ccc(F)cc1OC,46.0,1.0
OC(=O)CCc1cc(Cl)c(Oc2ncccc2C(=O)N2CCCc3ccccc23)cc1Cl,47.0,1.0
Fc1ccccc1-c1ccncc1N(CC(F)(F)F)C(=O)c1cc(nc(c1)C(F)(F)F)C(F)(F)F,47.0,1.0
COc1cc(F)c(F)cc1-c1ccncc1N(CC(N)=O)C(=O)c1cc(cc(c1)C(F)(F)F)C(F)(F)F,47.0,1.0
O=C(N1CCN(C2CC2)c2ccccc12)c1cnccc1Oc1ccccc1,47.0,1.0
COC(=O)CN(C(=O)c1cc(cc(c1)S(=O)(=O)N(C)C)C(F)(F)F)c1cnccc1-c1cccnc1OC,49.0,1.0
Clc1ccc(Cl)c(Oc2ccncc2C(=O)N2CCCc3ccccc23)c1,49.0,1.0
COCCOCCNC(=O)CC[C@@H](C)[C@H]1CC[C@H]2[C@@H]3[C@@H](C[C@@H]4C[C@H](O)CC[C@]4(C)[C@H]3CC[C@]12C)OC,50.0,1.0
F[C@H]1C[C@H](N(Cc2cc(Cl)ccc2Cl)C1)C(=O)N1CCN(C2CC2)c2ccccc12,50.0,1.0
NC(=O)CN(C(=O)c1cc(cc(c1)C(F)(F)F)C(F)(F)F)c1cnccc1-c1ccccc1Cl,52.0,1.0
COc1cc(F)ccc1-c1ccncc1N(C)C(=O)c1cc(cc(c1)S(=O)(=O)C1COC1)C(F)(F)F,53.0,1.0
COC(=O)CN(C(=O)c1cc(nc(c1)C(F)(F)F)C(F)(F)F)c1cnccc1-c1cc(F)c(F)cc1OC,53.0,1.0
COc1cc(F)ccc1-c1ccncc1N(C[C@@H]1CCCO1)C(=O)c1cc(cc(c1)S(C)(=O)=O)C(F)(F)F,54.0,1.0
CCC(=O)CN(C(=O)c1cc(nc(c1)C(F)(F)F)C(F)(F)F)c1cnccc1-c1ccc(F)cc1OC,54.0,1.0
COc1cc(F)c(F)cc1-c1ccncc1N(CC(N)=O)C(=O)c1cc(nc(c1)C(F)(F)F)C(F)(F)F,54.0,1.0
COc1cc(F)ccc1-c1ccncc1N(C)C(=O)c1cc(cc(c1)S(=O)(=O)CCCCC(N)=O)C(F)(F)F,54.0,1.0
COC(=O)CN(C(=O)c1cc(cc(c1)S(C)(=O)=O)C(F)(F)F)c1cnccc1-c1ccc(F)cc1OC,55.0,1.0
